-- phpMyAdmin SQL Dump
-- version 4.0.10deb1
-- http://www.phpmyadmin.net
--
-- Host: localhost
-- Generation Time: May 28, 2015 at 10:14 PM
-- Server version: 5.5.43-0ubuntu0.14.04.1
-- PHP Version: 5.5.9-1ubuntu4.9

SET SQL_MODE = "NO_AUTO_VALUE_ON_ZERO";
SET time_zone = "+00:00";


/*!40101 SET @OLD_CHARACTER_SET_CLIENT=@@CHARACTER_SET_CLIENT */;
/*!40101 SET @OLD_CHARACTER_SET_RESULTS=@@CHARACTER_SET_RESULTS */;
/*!40101 SET @OLD_COLLATION_CONNECTION=@@COLLATION_CONNECTION */;
/*!40101 SET NAMES utf8 */;

--
-- Database: `eplweb`
--

-- --------------------------------------------------------

--
-- Table structure for table `best_week_squad`
--

CREATE TABLE IF NOT EXISTS `best_week_squad` (
  `id` int(10) NOT NULL AUTO_INCREMENT,
  `week_id` int(10) NOT NULL,
  `player_id` int(10) NOT NULL,
  `number` int(1) NOT NULL,
  PRIMARY KEY (`id`),
  KEY `week_id` (`week_id`),
  KEY `player_id` (`player_id`)
) ENGINE=InnoDB  DEFAULT CHARSET=latin1 AUTO_INCREMENT=100 ;

--
-- Dumping data for table `best_week_squad`
--

INSERT INTO `best_week_squad` (`id`, `week_id`, `player_id`, `number`) VALUES
(1, 23, 685, 1),
(2, 23, 2, 2),
(3, 23, 3, 3),
(4, 23, 274, 4),
(5, 23, 272, 5),
(6, 23, 672, 6),
(7, 23, 642, 7),
(8, 23, 395, 9),
(9, 23, 222, 9),
(10, 23, 316, 10),
(11, 23, 322, 11),
(12, 22, 685, 1),
(13, 22, 2, 2),
(14, 22, 3, 3),
(15, 22, 274, 4),
(16, 22, 272, 5),
(17, 22, 672, 6),
(18, 22, 642, 7),
(19, 22, 395, 9),
(20, 22, 222, 9),
(21, 22, 316, 10),
(22, 22, 322, 11),
(23, 21, 685, 1),
(24, 21, 2, 2),
(25, 21, 3, 3),
(26, 21, 274, 4),
(27, 21, 272, 5),
(28, 21, 672, 6),
(29, 21, 642, 7),
(30, 21, 395, 9),
(31, 21, 221, 9),
(32, 21, 316, 10),
(33, 21, 321, 11),
(34, 20, 685, 1),
(35, 20, 2, 2),
(36, 20, 3, 3),
(37, 20, 274, 4),
(38, 20, 272, 5),
(39, 20, 672, 6),
(40, 20, 642, 7),
(41, 20, 395, 9),
(42, 20, 220, 9),
(43, 20, 316, 10),
(44, 20, 320, 11),
(45, 19, 685, 1),
(46, 19, 2, 2),
(47, 19, 3, 3),
(48, 19, 274, 4),
(49, 19, 272, 5),
(50, 19, 672, 6),
(51, 19, 642, 7),
(52, 19, 395, 9),
(53, 19, 219, 9),
(54, 19, 316, 10),
(55, 19, 319, 11),
(56, 18, 685, 1),
(57, 18, 2, 2),
(58, 18, 3, 3),
(59, 18, 274, 4),
(60, 18, 272, 5),
(61, 18, 672, 6),
(62, 18, 642, 7),
(63, 18, 395, 9),
(64, 18, 218, 9),
(65, 18, 316, 10),
(66, 18, 318, 11),
(67, 17, 685, 1),
(68, 17, 2, 2),
(69, 17, 3, 3),
(70, 17, 274, 4),
(71, 17, 272, 5),
(72, 17, 672, 6),
(73, 17, 642, 7),
(74, 17, 395, 9),
(75, 17, 217, 9),
(76, 17, 316, 10),
(77, 17, 317, 11),
(78, 16, 685, 1),
(79, 16, 2, 2),
(80, 16, 3, 3),
(81, 16, 274, 4),
(82, 16, 272, 5),
(83, 16, 672, 6),
(84, 16, 642, 7),
(85, 16, 395, 9),
(86, 16, 216, 9),
(87, 16, 316, 10),
(88, 16, 316, 11),
(89, 15, 685, 1),
(90, 15, 2, 2),
(91, 15, 3, 3),
(92, 15, 274, 4),
(93, 15, 272, 5),
(94, 15, 672, 6),
(95, 15, 642, 7),
(96, 15, 395, 9),
(97, 15, 216, 9),
(98, 15, 316, 10),
(99, 15, 316, 11);

-- --------------------------------------------------------

--
-- Table structure for table `image`
--

CREATE TABLE IF NOT EXISTS `image` (
  `id` int(10) NOT NULL AUTO_INCREMENT,
  `image_type` varchar(32) NOT NULL,
  `team_id` int(10) DEFAULT NULL,
  `output_file_name` varchar(32) NOT NULL,
  `local_file_name` varchar(128) NOT NULL,
  `file_type` varchar(16) NOT NULL,
  `position` int(10) NOT NULL,
  PRIMARY KEY (`id`),
  KEY `team_id` (`team_id`)
) ENGINE=InnoDB  DEFAULT CHARSET=latin1 AUTO_INCREMENT=100 ;

--
-- Dumping data for table `image`
--

INSERT INTO `image` (`id`, `image_type`, `team_id`, `output_file_name`, `local_file_name`, `file_type`, `position`) VALUES
(1, 'SLIDESHOW', 15, '1.jpg', '2015-05-27_21-50-44_1.jpg', 'image/jpeg', 0),
(2, 'SLIDESHOW', 15, '2.jpg', '2015-05-27_23-05-50_2.jpg', 'image/jpeg', 0),
(3, 'SLIDESHOW', 15, '3.jpg', '2015-05-27_23-05-53_3.jpg', 'image/jpeg', 0),
(4, 'SLIDESHOW', 15, '4.jpg', '2015-05-27_23-05-56_4.jpg', 'image/jpeg', 0),
(5, 'SLIDESHOW', 15, '5.jpg', '2015-05-27_23-05-59_5.jpg', 'image/jpeg', 0),
(6, 'SLIDESHOW', 7, '1.jpg', '2015-05-28_21-25-15_1.jpg', 'image/jpeg', 0),
(7, 'SLIDESHOW', 7, '2.jpg', '2015-05-28_21-25-22_2.jpg', 'image/jpeg', 0),
(8, 'SLIDESHOW', 7, '3.jpg', '2015-05-28_21-25-26_3.jpg', 'image/jpeg', 0),
(9, 'SLIDESHOW', 7, '4.jpg', '2015-05-28_21-25-32_4.jpg', 'image/jpeg', 0),
(10, 'SLIDESHOW', 4, '1.jpg', '2015-05-28_21-25-43_1.jpg', 'image/jpeg', 0),
(11, 'SLIDESHOW', 4, '2.jpg', '2015-05-28_21-25-46_2.jpg', 'image/jpeg', 0),
(12, 'SLIDESHOW', 4, '3.jpg', '2015-05-28_21-25-49_3.jpg', 'image/jpeg', 0),
(13, 'SLIDESHOW', 4, '4.jpg', '2015-05-28_21-25-52_4.jpg', 'image/jpeg', 0),
(14, 'SLIDESHOW', 4, '5.jpg', '2015-05-28_21-25-55_5.jpg', 'image/jpeg', 0),
(15, 'SLIDESHOW', 20, '1.jpg', '2015-05-28_21-26-06_1.jpg', 'image/jpeg', 0),
(16, 'SLIDESHOW', 20, '2.jpg', '2015-05-28_21-26-09_2.jpg', 'image/jpeg', 0),
(17, 'SLIDESHOW', 20, '3.jpg', '2015-05-28_21-26-13_3.jpg', 'image/jpeg', 0),
(18, 'SLIDESHOW', 20, '4.jpg', '2015-05-28_21-26-16_4.jpg', 'image/jpeg', 0),
(19, 'SLIDESHOW', 20, '5.jpg', '2015-05-28_21-26-19_5.jpg', 'image/jpeg', 0),
(20, 'SLIDESHOW', 9, '1.jpg', '2015-05-28_21-26-30_1.jpg', 'image/jpeg', 0),
(21, 'SLIDESHOW', 9, '2.jpg', '2015-05-28_21-26-33_2.jpg', 'image/jpeg', 0),
(22, 'SLIDESHOW', 9, '3.jpg', '2015-05-28_21-26-36_3.jpg', 'image/jpeg', 0),
(23, 'SLIDESHOW', 9, '4.jpg', '2015-05-28_21-26-42_4.jpg', 'image/jpeg', 0),
(24, 'SLIDESHOW', 9, '5.jpg', '2015-05-28_21-26-44_5.jpg', 'image/jpeg', 0),
(25, 'SLIDESHOW', 8, '1.jpg', '2015-05-28_21-26-59_1.jpg', 'image/jpeg', 0),
(26, 'SLIDESHOW', 8, '2.jpg', '2015-05-28_21-27-02_2.jpg', 'image/jpeg', 0),
(27, 'SLIDESHOW', 8, '4.jpg', '2015-05-28_21-27-04_4.jpg', 'image/jpeg', 0),
(28, 'SLIDESHOW', 8, '5.jpg', '2015-05-28_21-27-07_5.jpg', 'image/jpeg', 0),
(29, 'SLIDESHOW', 3, '1.jpg', '2015-05-28_21-27-22_1.jpg', 'image/jpeg', 0),
(30, 'SLIDESHOW', 3, '2.jpg', '2015-05-28_21-27-25_2.jpg', 'image/jpeg', 0),
(31, 'SLIDESHOW', 3, '3.jpg', '2015-05-28_21-27-27_3.jpg', 'image/jpeg', 0),
(32, 'SLIDESHOW', 3, '4.jpg', '2015-05-28_21-27-30_4.jpg', 'image/jpeg', 0),
(33, 'SLIDESHOW', 3, '5.jpg', '2015-05-28_21-27-33_5.jpg', 'image/jpeg', 0),
(34, 'SLIDESHOW', 1, '1.jpg', '2015-05-28_21-27-42_1.jpg', 'image/jpeg', 0),
(35, 'SLIDESHOW', 1, '2.jpg', '2015-05-28_21-27-45_2.jpg', 'image/jpeg', 0),
(36, 'SLIDESHOW', 1, '3.jpg', '2015-05-28_21-27-48_3.jpg', 'image/jpeg', 0),
(37, 'SLIDESHOW', 1, '4.jpg', '2015-05-28_21-27-51_4.jpg', 'image/jpeg', 0),
(38, 'SLIDESHOW', 1, '5.jpg', '2015-05-28_21-27-53_5.jpg', 'image/jpeg', 0),
(39, 'SLIDESHOW', 14, '1.jpg', '2015-05-28_21-28-05_1.jpg', 'image/jpeg', 0),
(40, 'SLIDESHOW', 14, '2.jpg', '2015-05-28_21-28-07_2.jpg', 'image/jpeg', 0),
(41, 'SLIDESHOW', 14, '3.jpg', '2015-05-28_21-28-11_3.jpg', 'image/jpeg', 0),
(42, 'SLIDESHOW', 14, '4.jpg', '2015-05-28_21-28-14_4.jpg', 'image/jpeg', 0),
(43, 'SLIDESHOW', 14, '5.jpg', '2015-05-28_21-28-17_5.jpg', 'image/jpeg', 0),
(44, 'SLIDESHOW', 19, '1.jpg', '2015-05-28_21-28-33_1.jpg', 'image/jpeg', 0),
(45, 'SLIDESHOW', 19, '2.jpg', '2015-05-28_21-28-36_2.jpg', 'image/jpeg', 0),
(46, 'SLIDESHOW', 19, '3.jpg', '2015-05-28_21-28-38_3.jpg', 'image/jpeg', 0),
(47, 'SLIDESHOW', 19, '4.jpg', '2015-05-28_21-28-41_4.jpg', 'image/jpeg', 0),
(48, 'SLIDESHOW', 19, '5.jpg', '2015-05-28_21-28-44_5.jpg', 'image/jpeg', 0),
(49, 'SLIDESHOW', 2, '1.jpg', '2015-05-28_21-29-20_1.jpg', 'image/jpeg', 0),
(50, 'SLIDESHOW', 2, '2.jpg', '2015-05-28_21-29-23_2.jpg', 'image/jpeg', 0),
(51, 'SLIDESHOW', 2, '3.jpg', '2015-05-28_21-29-26_3.jpg', 'image/jpeg', 0),
(52, 'SLIDESHOW', 2, '4.jpg', '2015-05-28_21-29-29_4.jpg', 'image/jpeg', 0),
(53, 'SLIDESHOW', 2, '5.jpg', '2015-05-28_21-29-32_5.jpg', 'image/jpeg', 0),
(54, 'SLIDESHOW', 18, '1.jpg', '2015-05-28_21-29-43_1.jpg', 'image/jpeg', 0),
(55, 'SLIDESHOW', 18, '2.jpg', '2015-05-28_21-29-46_2.jpg', 'image/jpeg', 0),
(56, 'SLIDESHOW', 18, '3.jpg', '2015-05-28_21-29-48_3.jpg', 'image/jpeg', 0),
(57, 'SLIDESHOW', 18, '4.jpg', '2015-05-28_21-29-51_4.jpg', 'image/jpeg', 0),
(58, 'SLIDESHOW', 18, '5.jpg', '2015-05-28_21-29-53_5.jpg', 'image/jpeg', 0),
(59, 'SLIDESHOW', 11, '1.jpg', '2015-05-28_21-30-14_1.jpg', 'image/jpeg', 0),
(60, 'SLIDESHOW', 11, '2.jpg', '2015-05-28_21-30-16_2.jpg', 'image/jpeg', 0),
(61, 'SLIDESHOW', 11, '3.jpg', '2015-05-28_21-30-19_3.jpg', 'image/jpeg', 0),
(62, 'SLIDESHOW', 11, '4.jpg', '2015-05-28_21-30-22_4.jpg', 'image/jpeg', 0),
(63, 'SLIDESHOW', 11, '5.jpg', '2015-05-28_21-30-26_5.jpg', 'image/jpeg', 0),
(64, 'SLIDESHOW', 5, '1.jpg', '2015-05-28_21-30-37_1.jpg', 'image/jpeg', 0),
(65, 'SLIDESHOW', 5, '2.jpg', '2015-05-28_21-30-39_2.jpg', 'image/jpeg', 0),
(66, 'SLIDESHOW', 5, '3.jpg', '2015-05-28_21-30-42_3.jpg', 'image/jpeg', 0),
(67, 'SLIDESHOW', 5, '4.jpg', '2015-05-28_21-30-44_4.jpg', 'image/jpeg', 0),
(68, 'SLIDESHOW', 5, '5.jpg', '2015-05-28_21-30-48_5.jpg', 'image/jpeg', 0),
(69, 'SLIDESHOW', 12, '1.jpg', '2015-05-28_21-30-58_1.jpg', 'image/jpeg', 0),
(70, 'SLIDESHOW', 12, '2.jpg', '2015-05-28_21-31-01_2.jpg', 'image/jpeg', 0),
(71, 'SLIDESHOW', 12, '3.jpg', '2015-05-28_21-31-03_3.jpg', 'image/jpeg', 0),
(72, 'SLIDESHOW', 12, '4.jpg', '2015-05-28_21-31-07_4.jpg', 'image/jpeg', 0),
(73, 'SLIDESHOW', 12, '5.jpg', '2015-05-28_21-31-09_5.jpg', 'image/jpeg', 0),
(74, 'SLIDESHOW', 16, '1.jpg', '2015-05-28_21-31-21_1.jpg', 'image/jpeg', 0),
(75, 'SLIDESHOW', 16, '2.jpg', '2015-05-28_21-31-24_2.jpg', 'image/jpeg', 0),
(76, 'SLIDESHOW', 16, '3.jpg', '2015-05-28_21-31-26_3.jpg', 'image/jpeg', 0),
(77, 'SLIDESHOW', 16, '4.jpg', '2015-05-28_21-31-29_4.jpg', 'image/jpeg', 0),
(78, 'SLIDESHOW', 16, '5.jpg', '2015-05-28_21-31-32_5.jpg', 'image/jpeg', 0),
(79, 'SLIDESHOW', 6, '1.jpg', '2015-05-28_21-31-43_1.jpg', 'image/jpeg', 0),
(80, 'SLIDESHOW', 6, '2.jpg', '2015-05-28_21-31-46_2.jpg', 'image/jpeg', 0),
(81, 'SLIDESHOW', 6, '3.jpg', '2015-05-28_21-31-48_3.jpg', 'image/jpeg', 0),
(82, 'SLIDESHOW', 6, '4.jpg', '2015-05-28_21-31-51_4.jpg', 'image/jpeg', 0),
(83, 'SLIDESHOW', 6, '5.jpg', '2015-05-28_21-31-54_5.jpg', 'image/jpeg', 0),
(84, 'SLIDESHOW', 13, '1.jpg', '2015-05-28_21-32-04_1.jpg', 'image/jpeg', 0),
(85, 'SLIDESHOW', 13, '2.jpg', '2015-05-28_21-32-07_2.jpg', 'image/jpeg', 0),
(86, 'SLIDESHOW', 13, '3.jpg', '2015-05-28_21-32-10_3.jpg', 'image/jpeg', 0),
(87, 'SLIDESHOW', 13, '4.jpg', '2015-05-28_21-32-13_4.jpg', 'image/jpeg', 0),
(88, 'SLIDESHOW', 13, '5.jpg', '2015-05-28_21-32-16_5.jpg', 'image/jpeg', 0),
(89, 'SLIDESHOW', 17, '1.jpg', '2015-05-28_21-38-55_1.jpg', 'image/jpeg', 0),
(90, 'SLIDESHOW', 17, '2.jpg', '2015-05-28_21-38-57_2.jpg', 'image/jpeg', 0),
(91, 'SLIDESHOW', 17, '3.jpg', '2015-05-28_21-39-00_3.jpg', 'image/jpeg', 0),
(92, 'SLIDESHOW', 17, '4.jpg', '2015-05-28_21-39-03_4.jpg', 'image/jpeg', 0),
(93, 'SLIDESHOW', 17, '5.jpg', '2015-05-28_21-39-06_5.jpg', 'image/jpeg', 0),
(94, 'SLIDESHOW', 10, '1.jpg', '2015-05-28_21-39-15_1.jpg', 'image/jpeg', 0),
(95, 'SLIDESHOW', 10, '2.jpg', '2015-05-28_21-39-18_2.jpg', 'image/jpeg', 0),
(96, 'SLIDESHOW', 10, '3.jpg', '2015-05-28_21-39-20_3.jpg', 'image/jpeg', 0),
(97, 'SLIDESHOW', 10, '4.jpg', '2015-05-28_21-39-23_4.jpg', 'image/jpeg', 0),
(99, 'SLIDESHOW', 10, '5.jpg', '2015-05-28_21-39-33_5.jpg', 'image/jpeg', 0);

-- --------------------------------------------------------

--
-- Table structure for table `matchday`
--

CREATE TABLE IF NOT EXISTS `matchday` (
  `id` int(10) NOT NULL AUTO_INCREMENT,
  `week_id` int(3) NOT NULL,
  `date` date NOT NULL,
  `time` time NOT NULL,
  `home_team_id` int(2) NOT NULL,
  `away_team_id` int(2) NOT NULL,
  `home_goal` int(2) DEFAULT NULL,
  `away_goal` int(2) DEFAULT NULL,
  `home_point` int(1) NOT NULL DEFAULT '0',
  `away_point` int(1) NOT NULL DEFAULT '0',
  `rating_point` float DEFAULT '0',
  `total_rating` int(11) DEFAULT '0',
  `voting_home_win` int(16) DEFAULT '0',
  `voting_away_win` int(16) DEFAULT '0',
  `voting_tie` int(11) DEFAULT '0',
  PRIMARY KEY (`id`),
  KEY `home_team_id` (`home_team_id`),
  KEY `away_team_id` (`away_team_id`),
  KEY `week_id` (`week_id`)
) ENGINE=InnoDB  DEFAULT CHARSET=latin1 AUTO_INCREMENT=677 ;

--
-- Dumping data for table `matchday`
--

INSERT INTO `matchday` (`id`, `week_id`, `date`, `time`, `home_team_id`, `away_team_id`, `home_goal`, `away_goal`, `home_point`, `away_point`, `rating_point`, `total_rating`, `voting_home_win`, `voting_away_win`, `voting_tie`) VALUES
(24, 1, '2014-07-19', '02:00:00', 4, 20, 1, 3, 0, 3, 4.77777, 2, 0, 0, 0),
(25, 1, '2014-07-17', '22:00:00', 10, 19, 0, 2, 0, 3, 4.77777, 2, 0, 0, 0),
(26, 1, '2014-07-17', '19:30:00', 14, 18, 2, 1, 3, 0, 4.77777, 2, 0, 0, 0),
(27, 1, '2014-07-16', '23:30:00', 15, 9, 2, 1, 3, 0, 4.77777, 2, 0, 0, 0),
(28, 1, '2014-07-16', '21:00:00', 11, 7, 0, 2, 0, 3, 4.77777, 2, 0, 0, 0),
(29, 1, '2014-07-16', '21:00:00', 1, 8, 2, 2, 1, 1, 4.77777, 2, 0, 0, 0),
(30, 1, '2014-07-16', '21:00:00', 2, 3, 0, 1, 0, 3, 4.77777, 2, 0, 0, 0),
(31, 1, '2014-07-16', '21:00:00', 6, 5, 2, 2, 1, 1, 4.77777, 2, 0, 0, 0),
(32, 1, '2014-07-16', '21:00:00', 13, 16, 0, 1, 0, 3, 4.77777, 2, 0, 0, 0),
(33, 1, '2014-07-16', '18:45:00', 17, 12, 1, 2, 0, 3, 4.77777, 2, 0, 0, 0),
(34, 2, '2014-07-26', '02:00:00', 19, 14, 3, 1, 3, 0, 4.77777, 2, 0, 0, 0),
(35, 2, '2014-07-24', '22:00:00', 5, 17, 1, 1, 1, 1, 4.77777, 2, 0, 0, 0),
(36, 2, '2014-07-24', '19:30:00', 3, 11, 1, 1, 1, 1, 4.77777, 2, 0, 0, 0),
(37, 2, '2014-07-24', '19:30:00', 16, 2, 4, 0, 3, 0, 4.77777, 2, 0, 0, 0),
(38, 2, '2014-07-23', '23:00:00', 8, 15, 2, 2, 1, 1, 4.77777, 2, 0, 0, 0),
(39, 2, '2014-07-23', '21:00:00', 9, 13, 1, 3, 0, 3, 4.77777, 2, 0, 0, 0),
(40, 2, '2014-07-23', '21:00:00', 20, 1, 2, 0, 3, 0, 4.77777, 2, 0, 0, 0),
(41, 2, '2014-07-23', '21:00:00', 18, 6, 0, 0, 1, 1, 4.77777, 2, 0, 0, 0),
(42, 2, '2014-07-23', '21:00:00', 12, 4, 1, 0, 3, 0, 4.77777, 2, 0, 0, 0),
(43, 2, '2014-07-23', '18:45:00', 7, 10, 0, 0, 1, 1, 4.77777, 2, 0, 0, 0),
(44, 3, '2014-07-31', '22:00:00', 1, 15, 1, 1, 1, 1, 4.77777, 2, 0, 0, 0),
(45, 3, '2014-07-31', '19:30:00', 7, 3, 2, 1, 3, 0, 4.77777, 2, 0, 0, 0),
(46, 3, '2014-07-31', '19:30:00', 16, 14, 0, 3, 0, 3, 4.77777, 2, 0, 0, 0),
(47, 3, '2014-07-30', '23:30:00', 8, 20, 3, 6, 0, 3, 4.77777, 2, 0, 0, 0),
(48, 3, '2014-07-30', '21:00:00', 10, 9, 3, 3, 1, 1, 4.77777, 2, 0, 0, 0),
(49, 3, '2014-07-30', '21:00:00', 19, 11, 0, 1, 0, 3, 4.77777, 2, 0, 0, 0),
(50, 3, '2014-07-30', '21:00:00', 2, 5, 1, 0, 3, 0, 4.77777, 2, 0, 0, 0),
(51, 3, '2014-07-30', '21:00:00', 12, 6, 3, 0, 3, 0, 4.77777, 2, 0, 0, 0),
(52, 3, '2014-07-30', '21:00:00', 13, 18, 1, 3, 0, 3, 4.77777, 2, 0, 0, 0),
(53, 3, '2014-07-30', '18:45:00', 4, 17, 0, 0, 1, 1, 4.77777, 2, 0, 0, 0),
(54, 4, '2014-08-16', '02:00:00', 3, 13, 2, 2, 1, 1, 4.77777, 2, 0, 0, 0),
(55, 4, '2014-08-14', '22:00:00', 17, 2, 4, 0, 3, 0, 4.77777, 2, 0, 0, 0),
(56, 4, '2014-08-13', '23:30:00', 14, 7, 0, 1, 0, 3, 4.77777, 2, 0, 0, 0),
(57, 4, '2014-08-13', '21:00:00', 20, 12, 4, 2, 3, 0, 4.77777, 2, 0, 0, 0),
(58, 4, '2014-08-13', '21:00:00', 9, 4, 0, 0, 1, 1, 4.77777, 2, 0, 0, 0),
(59, 4, '2014-08-13', '21:00:00', 18, 10, 4, 0, 3, 0, 4.77777, 2, 0, 0, 0),
(60, 4, '2014-08-13', '21:00:00', 5, 16, 2, 2, 1, 1, 4.77777, 2, 0, 0, 0),
(61, 4, '2014-08-13', '21:00:00', 11, 1, 0, 1, 0, 3, 4.77777, 2, 0, 0, 0),
(62, 4, '2014-08-13', '21:00:00', 6, 8, 0, 2, 0, 3, 4.77777, 2, 0, 0, 0),
(63, 4, '2014-08-13', '18:45:00', 15, 19, 2, 2, 1, 1, 4.77777, 2, 0, 0, 0),
(64, 5, '2014-08-21', '22:00:00', 8, 9, 2, 3, 0, 3, 4.77777, 2, 0, 0, 0),
(65, 5, '2014-08-21', '22:00:00', 19, 20, 1, 1, 1, 1, 4.77777, 2, 0, 0, 0),
(66, 5, '2014-08-21', '19:30:00', 1, 17, 5, 3, 3, 0, 4.77777, 2, 0, 0, 0),
(67, 5, '2014-08-21', '19:30:00', 16, 6, 0, 1, 0, 3, 4.77777, 2, 0, 0, 0),
(68, 5, '2014-08-20', '23:30:00', 13, 14, 3, 1, 3, 0, 4.77777, 2, 0, 0, 0),
(69, 5, '2014-08-20', '21:00:00', 4, 5, 0, 0, 1, 1, 4.77777, 2, 0, 0, 0),
(70, 5, '2014-08-20', '21:00:00', 10, 3, 2, 2, 1, 1, 4.77777, 2, 0, 0, 0),
(71, 5, '2014-08-20', '21:00:00', 7, 15, 0, 3, 0, 3, 4.77777, 2, 0, 0, 0),
(72, 5, '2014-08-20', '21:00:00', 12, 18, 0, 1, 0, 3, 4.77777, 2, 0, 0, 0),
(73, 5, '2014-08-20', '18:45:00', 2, 11, 2, 2, 1, 1, 4.77777, 2, 0, 0, 0),
(74, 6, '2014-08-30', '02:00:00', 11, 10, 1, 0, 3, 0, 4.77777, 2, 0, 0, 0),
(75, 6, '2014-08-28', '22:00:00', 6, 4, 4, 0, 3, 0, 4.77777, 2, 0, 0, 0),
(76, 6, '2014-08-27', '23:30:00', 15, 16, 1, 1, 1, 1, 4.77777, 2, 0, 0, 0),
(77, 6, '2014-08-27', '21:00:00', 20, 7, 3, 0, 3, 0, 4.77777, 2, 0, 0, 0),
(78, 6, '2014-08-27', '21:00:00', 3, 19, 2, 4, 0, 3, 4.77777, 2, 0, 0, 0),
(79, 6, '2014-08-27', '21:00:00', 9, 1, 2, 0, 3, 0, 4.77777, 2, 0, 0, 0),
(80, 6, '2014-08-27', '21:00:00', 5, 12, 0, 0, 1, 1, 4.77777, 2, 0, 0, 0),
(81, 6, '2014-08-27', '21:00:00', 17, 13, 2, 1, 3, 0, 4.77777, 2, 0, 0, 0),
(82, 6, '2014-08-27', '21:00:00', 18, 2, 2, 1, 3, 0, 4.77777, 2, 0, 0, 0),
(83, 6, '2014-08-27', '18:45:00', 14, 8, 1, 1, 1, 1, 4.77777, 2, 0, 0, 0),
(84, 7, '2014-09-05', '22:15:00', 13, 2, 2, 0, 3, 0, 4.77777, 2, 0, 0, 0),
(85, 7, '2014-09-05', '20:05:00', 20, 15, 2, 0, 3, 0, 4.77777, 2, 0, 0, 0),
(86, 7, '2014-09-05', '20:05:00', 16, 18, 1, 0, 3, 0, 4.77777, 2, 0, 0, 0),
(87, 7, '2014-09-05', '18:00:00', 17, 8, 2, 1, 3, 0, 4.77777, 2, 0, 0, 0),
(88, 7, '2014-09-04', '23:30:00', 7, 19, 0, 2, 0, 3, 4.77777, 2, 0, 0, 0),
(89, 7, '2014-09-04', '21:00:00', 3, 9, 2, 0, 3, 0, 4.77777, 2, 0, 0, 0),
(90, 7, '2014-09-04', '21:00:00', 1, 4, 2, 2, 1, 1, 4.77777, 2, 0, 0, 0),
(91, 7, '2014-09-04', '21:00:00', 12, 10, 2, 2, 1, 1, 4.77777, 2, 0, 0, 0),
(92, 7, '2014-09-04', '21:00:00', 14, 6, 2, 1, 3, 0, 4.77777, 2, 0, 0, 0),
(93, 7, '2014-09-04', '21:00:00', 5, 11, 3, 1, 3, 0, 4.77777, 2, 0, 0, 0),
(94, 8, '2014-09-21', '02:00:00', 6, 17, 2, 2, 1, 1, 4.77777, 2, 0, 0, 0),
(95, 8, '2014-09-19', '22:00:00', 11, 12, 2, 1, 3, 0, 4.77777, 2, 0, 0, 0),
(96, 8, '2014-09-19', '19:30:00', 2, 14, 2, 3, 0, 3, 4.77777, 2, 0, 0, 0),
(97, 8, '2014-09-18', '22:00:00', 10, 1, 1, 0, 3, 0, 4.77777, 2, 0, 0, 0),
(98, 8, '2014-09-18', '21:00:00', 15, 3, 2, 2, 1, 1, 4.77777, 2, 0, 0, 0),
(99, 8, '2014-09-18', '21:00:00', 4, 13, 1, 3, 0, 3, 4.77777, 2, 0, 0, 0),
(100, 8, '2014-09-18', '21:00:00', 9, 20, 1, 2, 0, 3, 4.77777, 2, 0, 0, 0),
(101, 8, '2014-09-18', '21:00:00', 8, 7, 3, 0, 3, 0, 4.77777, 2, 0, 0, 0),
(102, 8, '2014-09-18', '21:00:00', 18, 5, 8, 0, 3, 0, 4.77777, 2, 0, 0, 0),
(103, 8, '2014-09-18', '18:45:00', 19, 16, 4, 1, 3, 0, 4.77777, 2, 0, 0, 0),
(104, 9, '2014-09-28', '03:00:00', 2, 7, 2, 0, 3, 0, 4.77777, 2, 0, 0, 0),
(105, 9, '2014-09-26', '23:00:00', 17, 20, 1, 1, 1, 1, 4.77777, 2, 0, 0, 0),
(106, 9, '2014-09-26', '20:30:00', 4, 8, 1, 3, 0, 3, 4.77777, 2, 0, 0, 0),
(107, 9, '2014-09-26', '20:30:00', 16, 10, 1, 2, 0, 3, 4.77777, 2, 0, 0, 0),
(108, 9, '2014-09-25', '23:30:00', 12, 1, 2, 0, 3, 0, 4.77777, 2, 0, 0, 0),
(109, 9, '2014-09-25', '21:00:00', 18, 11, 1, 0, 3, 0, 4.77777, 2, 0, 0, 0),
(110, 9, '2014-09-25', '21:00:00', 14, 3, 0, 0, 1, 1, 4.77777, 2, 0, 0, 0),
(111, 9, '2014-09-25', '21:00:00', 5, 15, 0, 2, 0, 3, 4.77777, 2, 0, 0, 0),
(112, 9, '2014-09-25', '21:00:00', 6, 9, 2, 2, 1, 1, 4.77777, 2, 0, 0, 0),
(113, 9, '2014-09-25', '18:45:00', 13, 19, 2, 1, 3, 0, 4.77777, 2, 0, 0, 0),
(114, 10, '2014-10-04', '03:00:00', 9, 5, 1, 3, 0, 3, 4.77777, 2, 0, 0, 0),
(115, 10, '2014-10-02', '23:00:00', 7, 16, 1, 2, 0, 3, 4.77777, 2, 0, 0, 0),
(116, 10, '2014-10-02', '20:30:00', 19, 17, 1, 0, 3, 0, 4.77777, 2, 0, 0, 0),
(117, 10, '2014-10-01', '22:00:00', 20, 2, 2, 1, 3, 0, 4.77777, 2, 0, 0, 0),
(118, 10, '2014-10-01', '22:00:00', 15, 4, 3, 0, 3, 0, 4.77777, 2, 0, 0, 0),
(119, 10, '2014-10-01', '22:00:00', 8, 12, 0, 0, 1, 1, 4.77777, 2, 0, 0, 0),
(120, 10, '2014-10-01', '22:00:00', 3, 18, 0, 1, 0, 3, 4.77777, 2, 0, 0, 0),
(121, 10, '2014-10-01', '22:00:00', 11, 13, 2, 2, 1, 1, 4.77777, 2, 0, 0, 0),
(122, 10, '2014-10-01', '22:00:00', 1, 6, 0, 1, 0, 3, 4.77777, 2, 0, 0, 0),
(123, 10, '2014-10-01', '19:45:00', 10, 14, 1, 0, 3, 0, 4.77777, 2, 0, 0, 0),
(124, 11, '2014-10-09', '23:00:00', 12, 15, 2, 1, 3, 0, 4.77777, 2, 0, 0, 0),
(125, 11, '2014-10-09', '20:30:00', 5, 8, 1, 1, 1, 1, 4.77777, 2, 0, 0, 0),
(126, 11, '2014-10-09', '20:30:00', 16, 11, 1, 2, 0, 3, 4.77777, 2, 0, 0, 0),
(127, 11, '2014-10-09', '20:30:00', 6, 10, 0, 2, 0, 3, 4.77777, 2, 0, 0, 0),
(128, 11, '2014-10-09', '00:30:00', 2, 19, 2, 2, 1, 1, 4.77777, 2, 0, 0, 0),
(129, 11, '2014-10-08', '22:00:00', 4, 3, 1, 0, 3, 0, 4.77777, 2, 0, 0, 0),
(130, 11, '2014-10-08', '22:00:00', 17, 9, 1, 0, 3, 0, 4.77777, 2, 0, 0, 0),
(131, 11, '2014-10-08', '22:00:00', 18, 1, 2, 0, 3, 0, 4.77777, 2, 0, 0, 0),
(132, 11, '2014-10-08', '22:00:00', 13, 7, 0, 0, 1, 1, 4.77777, 2, 0, 0, 0),
(133, 11, '2014-10-08', '19:45:00', 14, 20, 1, 2, 0, 3, 4.77777, 2, 0, 0, 0),
(134, 12, '2014-10-25', '03:00:00', 7, 18, 1, 1, 1, 1, 4.77777, 2, 0, 0, 0),
(135, 12, '2014-10-23', '23:00:00', 3, 16, 1, 2, 0, 3, 4.77777, 2, 0, 0, 0),
(136, 12, '2014-10-23', '20:30:00', 9, 14, 3, 1, 3, 0, 4.77777, 2, 0, 0, 0),
(137, 12, '2014-10-23', '00:30:00', 15, 17, 1, 2, 0, 3, 4.77777, 2, 0, 0, 0),
(138, 12, '2014-10-22', '22:00:00', 20, 6, 2, 0, 3, 0, 4.77777, 2, 0, 0, 0),
(139, 12, '2014-10-22', '22:00:00', 1, 5, 0, 0, 1, 1, 4.77777, 2, 0, 0, 0),
(140, 12, '2014-10-22', '22:00:00', 8, 13, 2, 1, 3, 0, 4.77777, 2, 0, 0, 0),
(141, 12, '2014-10-22', '22:00:00', 11, 4, 1, 2, 0, 3, 4.77777, 2, 0, 0, 0),
(142, 12, '2014-10-22', '22:00:00', 19, 12, 2, 1, 3, 0, 4.77777, 2, 0, 0, 0),
(143, 12, '2014-10-22', '22:00:00', 10, 2, 1, 0, 3, 0, 4.77777, 2, 0, 0, 0),
(144, 13, '2014-10-30', '23:00:00', 16, 8, 2, 1, 3, 0, 4.77777, 2, 0, 0, 0),
(145, 13, '2014-10-30', '20:30:00', 18, 19, 0, 3, 0, 3, 4.77777, 2, 0, 0, 0),
(146, 13, '2014-10-30', '00:30:00', 5, 20, 0, 0, 1, 1, 4.77777, 2, 0, 0, 0),
(147, 13, '2014-10-29', '22:00:00', 17, 3, 3, 0, 3, 0, 4.77777, 2, 0, 0, 0),
(148, 13, '2014-10-29', '22:00:00', 4, 7, 1, 1, 1, 1, 4.77777, 2, 0, 0, 0),
(149, 13, '2014-10-29', '22:00:00', 14, 11, 1, 0, 3, 0, 4.77777, 2, 0, 0, 0),
(150, 13, '2014-10-29', '22:00:00', 12, 9, 1, 1, 1, 1, 4.77777, 2, 0, 0, 0),
(151, 13, '2014-10-29', '22:00:00', 2, 1, 3, 2, 3, 0, 4.77777, 2, 0, 0, 0),
(152, 13, '2014-10-29', '22:00:00', 13, 10, 1, 0, 3, 0, 4.77777, 2, 0, 0, 0),
(153, 13, '2014-10-29', '19:45:00', 6, 15, 0, 1, 0, 3, 4.77777, 2, 0, 0, 0),
(154, 14, '2014-11-04', '02:45:00', 15, 18, 1, 0, 3, 0, 4.77777, 2, 0, 0, 0),
(155, 14, '2014-11-04', '02:45:00', 20, 16, 3, 0, 3, 0, 4.77777, 2, 0, 0, 0),
(156, 14, '2014-11-04', '02:45:00', 8, 3, 1, 1, 1, 1, 4.77777, 2, 0, 0, 0),
(157, 14, '2014-11-04', '02:45:00', 5, 19, 1, 4, 0, 3, 4.77777, 2, 0, 0, 0),
(158, 14, '2014-11-03', '03:00:00', 9, 7, 0, 1, 0, 3, 4.77777, 2, 0, 0, 0),
(159, 14, '2014-11-03', '03:00:00', 6, 13, 1, 2, 0, 3, 4.77777, 2, 0, 0, 0),
(160, 14, '2014-11-03', '02:45:00', 1, 14, 1, 3, 0, 3, 4.77777, 2, 0, 0, 0),
(161, 14, '2014-11-03', '02:45:00', 4, 10, 1, 1, 1, 1, 4.77777, 2, 0, 0, 0),
(162, 14, '2014-11-03', '02:45:00', 17, 11, 2, 1, 3, 0, 4.77777, 2, 0, 0, 0),
(163, 14, '2014-11-03', '02:45:00', 12, 2, 2, 0, 3, 0, 4.77777, 2, 0, 0, 0),
(164, 15, '2014-11-09', '03:00:00', 18, 17, 1, 2, 0, 3, 4.77777, 2, 0, 0, 0),
(165, 15, '2014-11-07', '23:00:00', 7, 1, 2, 1, 3, 0, 4.77777, 2, 0, 0, 0),
(166, 15, '2014-11-07', '20:30:00', 13, 12, 3, 1, 3, 0, 4.77777, 2, 0, 0, 0),
(167, 15, '2014-11-07', '00:30:00', 19, 8, 1, 0, 3, 0, 4.77777, 2, 0, 0, 0),
(168, 15, '2014-11-06', '22:00:00', 14, 5, 0, 0, 1, 1, 4.77777, 2, 0, 0, 0),
(169, 15, '2014-11-06', '22:00:00', 2, 4, 2, 0, 3, 0, 4.77777, 2, 0, 0, 0),
(170, 15, '2014-11-06', '22:00:00', 3, 6, 0, 0, 1, 1, 4.77777, 2, 0, 0, 0),
(171, 15, '2014-11-06', '22:00:00', 11, 15, 3, 2, 3, 0, 4.77777, 2, 0, 0, 0),
(172, 15, '2014-11-06', '22:00:00', 16, 9, 0, 0, 1, 1, 4.77777, 2, 0, 0, 0),
(173, 15, '2014-11-06', '19:45:00', 10, 20, 2, 1, 3, 0, 4.77777, 2, 0, 0, 0),
(174, 16, '2014-11-16', '03:00:00', 8, 2, 3, 1, 3, 0, 4.77777, 2, 0, 0, 0),
(175, 16, '2014-11-14', '23:00:00', 12, 16, 1, 2, 0, 3, 4.77777, 2, 0, 0, 0),
(176, 16, '2014-11-14', '20:30:00', 17, 14, 3, 0, 3, 0, 4.77777, 2, 0, 0, 0),
(177, 16, '2014-11-14', '00:30:00', 15, 10, 4, 1, 3, 0, 4.77777, 2, 0, 0, 0),
(178, 16, '2014-11-13', '22:00:00', 4, 18, 1, 0, 3, 0, 4.77777, 2, 0, 0, 0),
(179, 16, '2014-11-13', '22:00:00', 9, 11, 1, 1, 1, 1, 4.77777, 2, 0, 0, 0),
(180, 16, '2014-11-13', '22:00:00', 20, 3, 2, 0, 3, 0, 4.77777, 2, 0, 0, 0),
(181, 16, '2014-11-13', '22:00:00', 1, 19, 0, 1, 0, 3, 4.77777, 2, 0, 0, 0),
(182, 16, '2014-11-13', '22:00:00', 5, 13, 1, 1, 1, 1, 4.77777, 2, 0, 0, 0),
(183, 16, '2014-11-13', '22:00:00', 6, 7, 1, 0, 3, 0, 4.77777, 2, 0, 0, 0),
(184, 17, '2014-11-23', '03:00:00', 11, 20, 0, 2, 0, 3, 4.77777, 2, 0, 0, 0),
(185, 17, '2014-11-21', '23:00:00', 14, 15, 2, 2, 1, 1, 4.77777, 2, 0, 0, 0),
(186, 17, '2014-11-21', '20:30:00', 10, 5, 0, 1, 0, 3, 4.77777, 2, 0, 0, 0),
(187, 17, '2014-11-20', '22:00:00', 2, 6, 3, 2, 3, 0, 4.77777, 2, 0, 0, 0),
(188, 17, '2014-11-20', '22:00:00', 3, 12, 0, 1, 0, 3, 4.77777, 2, 0, 0, 0),
(189, 17, '2014-11-20', '22:00:00', 7, 17, 1, 1, 1, 1, 4.77777, 2, 0, 0, 0),
(190, 17, '2014-11-20', '22:00:00', 13, 1, 2, 0, 3, 0, 4.77777, 2, 0, 0, 0),
(191, 17, '2014-11-20', '22:00:00', 18, 8, 3, 0, 3, 0, 4.77777, 2, 0, 0, 0),
(192, 17, '2014-11-20', '22:00:00', 16, 4, 2, 1, 3, 0, 4.77777, 2, 0, 0, 0),
(193, 17, '2014-11-20', '19:45:00', 19, 9, 3, 0, 3, 0, 4.77777, 2, 0, 0, 0),
(194, 18, '2014-11-27', '00:30:00', 15, 2, 2, 1, 3, 0, 4.77777, 2, 0, 0, 0),
(195, 18, '2014-11-26', '22:00:00', 8, 11, 0, 1, 0, 3, 4.77777, 2, 0, 0, 0),
(196, 18, '2014-11-26', '22:00:00', 9, 18, 1, 3, 0, 3, 4.77777, 2, 0, 0, 0),
(197, 18, '2014-11-26', '22:00:00', 1, 16, 1, 2, 0, 3, 4.77777, 2, 0, 0, 0),
(198, 18, '2014-11-26', '22:00:00', 4, 14, 0, 1, 0, 3, 4.77777, 2, 0, 0, 0),
(199, 18, '2014-11-26', '22:00:00', 5, 3, 1, 3, 0, 3, 4.77777, 2, 0, 0, 0),
(200, 18, '2014-11-26', '22:00:00', 12, 7, 1, 0, 3, 0, 4.77777, 2, 0, 0, 0),
(201, 18, '2014-11-26', '22:00:00', 6, 19, 1, 3, 0, 3, 4.77777, 2, 0, 0, 0),
(202, 18, '2014-11-26', '22:00:00', 17, 10, 3, 1, 3, 0, 4.77777, 2, 0, 0, 0),
(203, 18, '2014-11-26', '19:45:00', 20, 13, 2, 0, 3, 0, 4.77777, 2, 0, 0, 0),
(204, 19, '2014-11-30', '03:00:00', 14, 12, 4, 1, 3, 0, 4.77777, 2, 0, 0, 0),
(205, 19, '2014-11-28', '23:15:00', 10, 8, 3, 2, 3, 0, 4.77777, 2, 0, 0, 0),
(206, 19, '2014-11-28', '22:00:00', 3, 1, 0, 1, 0, 3, 4.77777, 2, 0, 0, 0),
(207, 19, '2014-11-28', '22:00:00', 19, 4, 2, 2, 1, 1, 4.77777, 2, 0, 0, 0),
(208, 19, '2014-11-28', '22:00:00', 2, 9, 0, 0, 1, 1, 4.77777, 2, 0, 0, 0),
(209, 19, '2014-11-28', '22:00:00', 7, 5, 0, 0, 1, 1, 4.77777, 2, 0, 0, 0),
(210, 19, '2014-11-28', '22:00:00', 13, 15, 1, 2, 0, 3, 4.77777, 2, 0, 0, 0),
(211, 19, '2014-11-28', '22:00:00', 11, 6, 2, 0, 3, 0, 4.77777, 2, 0, 0, 0),
(212, 19, '2014-11-28', '21:05:00', 18, 20, 1, 1, 1, 1, 4.77777, 2, 0, 0, 0),
(213, 19, '2014-11-28', '19:00:00', 16, 17, 0, 0, 1, 1, 4.77777, 2, 0, 0, 0),
(214, 20, '2015-00-02', '00:30:00', 16, 20, 5, 3, 3, 0, 4.77777, 2, 0, 0, 0),
(215, 20, '2015-00-01', '22:00:00', 19, 5, 3, 2, 3, 0, 4.77777, 2, 0, 0, 0),
(216, 20, '2015-00-01', '22:00:00', 7, 9, 0, 0, 1, 1, 4.77777, 2, 0, 0, 0),
(217, 20, '2015-00-01', '22:00:00', 14, 1, 2, 2, 1, 1, 4.77777, 2, 0, 0, 0),
(218, 20, '2015-00-01', '22:00:00', 3, 8, 2, 0, 3, 0, 4.77777, 2, 0, 0, 0),
(219, 20, '2015-00-01', '22:00:00', 2, 12, 1, 1, 1, 1, 4.77777, 2, 0, 0, 0),
(220, 20, '2015-00-01', '22:00:00', 10, 4, 3, 3, 1, 1, 4.77777, 2, 0, 0, 0),
(221, 20, '2015-00-01', '22:00:00', 13, 6, 1, 1, 1, 1, 4.77777, 2, 0, 0, 0),
(222, 20, '2015-00-01', '22:00:00', 18, 15, 2, 0, 3, 0, 4.77777, 2, 0, 0, 0),
(223, 20, '2015-00-01', '19:45:00', 11, 17, 1, 1, 1, 1, 4.77777, 2, 0, 0, 0),
(224, 21, '2015-00-11', '23:00:00', 17, 18, 0, 1, 0, 3, 4.77777, 2, 0, 0, 0),
(225, 21, '2015-00-11', '20:30:00', 15, 11, 3, 0, 3, 0, 4.77777, 2, 0, 0, 0),
(226, 21, '2015-00-11', '00:30:00', 9, 16, 2, 1, 3, 0, 4.77777, 2, 0, 0, 0),
(227, 21, '2015-00-10', '22:00:00', 20, 10, 2, 0, 3, 0, 4.77777, 2, 0, 0, 0),
(228, 21, '2015-00-10', '22:00:00', 8, 19, 1, 1, 1, 1, 4.77777, 2, 0, 0, 0),
(229, 21, '2015-00-10', '22:00:00', 4, 2, 2, 1, 3, 0, 4.77777, 2, 0, 0, 0),
(230, 21, '2015-00-10', '22:00:00', 6, 3, 1, 0, 3, 0, 4.77777, 2, 0, 0, 0),
(231, 21, '2015-00-10', '22:00:00', 1, 7, 1, 0, 3, 0, 4.77777, 2, 0, 0, 0),
(232, 21, '2015-00-10', '22:00:00', 12, 13, 1, 1, 1, 1, 4.77777, 2, 0, 0, 0),
(233, 21, '2015-00-10', '19:45:00', 5, 14, 0, 1, 0, 3, 4.77777, 2, 0, 0, 0),
(234, 22, '2015-00-20', '03:00:00', 8, 6, 0, 0, 1, 1, 4.77777, 2, 0, 0, 0),
(235, 22, '2015-00-18', '23:00:00', 19, 15, 0, 2, 0, 3, 4.77777, 2, 0, 0, 0),
(236, 22, '2015-00-18', '20:30:00', 13, 3, 3, 0, 3, 0, 4.77777, 2, 0, 0, 0),
(237, 22, '2015-00-18', '00:30:00', 10, 18, 1, 2, 0, 3, 4.77777, 2, 0, 0, 0),
(238, 22, '2015-00-17', '22:00:00', 7, 14, 0, 2, 0, 3, 4.77777, 2, 0, 0, 0),
(239, 22, '2015-00-17', '22:00:00', 1, 11, 0, 1, 0, 3, 4.77777, 2, 0, 0, 0),
(240, 22, '2015-00-17', '22:00:00', 4, 9, 2, 3, 0, 3, 4.77777, 2, 0, 0, 0),
(241, 22, '2015-00-17', '22:00:00', 16, 5, 2, 1, 3, 0, 4.77777, 2, 0, 0, 0),
(242, 22, '2015-00-17', '22:00:00', 2, 17, 0, 2, 0, 3, 4.77777, 2, 0, 0, 0),
(243, 22, '2015-00-17', '22:00:00', 12, 20, 0, 5, 0, 3, 4.77777, 2, 0, 0, 0),
(244, 23, '2015-01-01', '23:00:00', 18, 12, 0, 1, 0, 3, 4.77777, 2, 0, 2, 0),
(245, 23, '2015-01-01', '20:30:00', 15, 7, 5, 0, 3, 0, 4.77777, 2, 0, 0, 1),
(246, 23, '2015-01-01', '00:30:00', 20, 19, 1, 1, 1, 1, 4.85184, 3, 1, 1, 0),
(247, 23, '2014-12-31', '22:00:00', 9, 8, 0, 1, 0, 3, 4.77777, 2, 0, 2, 0),
(248, 23, '2014-12-31', '22:00:00', 14, 13, 2, 0, 3, 0, 4.77777, 2, 1, 0, 0),
(249, 23, '2014-12-31', '22:00:00', 17, 1, 3, 1, 3, 0, 4.77777, 2, 1, 0, 0),
(250, 23, '2014-12-31', '22:00:00', 5, 4, 2, 0, 3, 0, 4.77777, 2, 0, 1, 0),
(251, 23, '2014-12-31', '22:00:00', 6, 16, 0, 3, 0, 3, 3.85184, 3, 0, 2, 0),
(252, 23, '2014-12-31', '22:00:00', 11, 2, 3, 1, 3, 0, 4.77777, 2, 0, 0, 1),
(253, 23, '2014-12-31', '19:45:00', 3, 10, 0, 3, 0, 3, 4.77777, 2, 0, 2, 0),
(394, 25, '2015-02-11', '02:45:00', 8, 1, NULL, NULL, 0, 0, 4.77777, 2, 0, 0, 0),
(395, 25, '2015-02-11', '02:45:00', 15, 1, NULL, NULL, 0, 0, 4.77777, 2, 0, 0, 0),
(396, 25, '2015-02-11', '02:45:00', 3, 7, NULL, NULL, 0, 0, 4.77777, 2, 0, 0, 0),
(397, 25, '2015-02-11', '03:00:00', 14, 16, NULL, NULL, 0, 0, 4.77777, 2, 0, 0, 0),
(398, 25, '2015-02-12', '02:45:00', 20, 8, NULL, NULL, 0, 0, 4.77777, 2, 0, 0, 0),
(399, 25, '2015-02-12', '02:45:00', 11, 19, NULL, NULL, 0, 0, 4.77777, 2, 0, 0, 0),
(400, 25, '2015-02-12', '02:45:00', 17, 4, NULL, NULL, 0, 0, 4.77777, 2, 0, 0, 0),
(401, 25, '2015-02-12', '02:45:00', 18, 13, NULL, NULL, 0, 0, 4.77777, 2, 0, 0, 0),
(402, 25, '2015-02-12', '03:00:00', 6, 12, NULL, NULL, 0, 0, 4.77777, 2, 0, 0, 0),
(403, 25, '2015-02-12', '03:00:00', 9, 10, NULL, NULL, 0, 0, 4.77777, 2, 0, 0, 0),
(434, 26, '2015-01-21', '22:00:00', 5, 6, NULL, NULL, 1, 1, 4.77777, 2, 0, 0, 0),
(435, 26, '2015-01-21', '22:00:00', 12, 17, NULL, NULL, 1, 1, 4.77777, 2, 0, 0, 0),
(436, 26, '2015-01-21', '22:00:00', 3, 2, NULL, NULL, 1, 1, 4.77777, 2, 0, 0, 0),
(437, 26, '2015-01-21', '22:00:00', 9, 15, NULL, NULL, 1, 1, 4.77777, 2, 0, 0, 0),
(438, 26, '2015-01-21', '22:00:00', 7, 11, NULL, NULL, 1, 1, 4.77777, 2, 0, 0, 0),
(439, 26, '2015-01-21', '22:00:00', 20, 4, NULL, NULL, 1, 1, 4.77777, 2, 0, 0, 0),
(440, 26, '2015-01-22', '00:30:00', 19, 10, NULL, NULL, 1, 1, 4.77777, 2, 0, 0, 0),
(441, 26, '2015-01-22', '19:00:00', 16, 13, NULL, NULL, 1, 1, 4.77777, 2, 0, 0, 0),
(442, 26, '2015-01-22', '21:05:00', 8, 1, NULL, NULL, 1, 1, 4.77777, 2, 0, 0, 0),
(443, 26, '2015-01-22', '23:15:00', 18, 14, NULL, NULL, 1, 1, 4.77777, 2, 0, 0, 0),
(444, 27, '2015-01-28', '19:45:00', 13, 9, NULL, NULL, 1, 1, 4.77777, 2, 0, 0, 0),
(445, 27, '2015-01-28', '22:00:00', 6, 18, NULL, NULL, 1, 1, 4.77777, 2, 0, 0, 0),
(446, 27, '2015-01-28', '22:00:00', 10, 7, NULL, NULL, 1, 1, 4.77777, 2, 0, 0, 0),
(447, 27, '2015-01-28', '22:00:00', 11, 3, NULL, NULL, 1, 1, 4.77777, 2, 0, 0, 0),
(448, 27, '2015-01-28', '22:00:00', 17, 5, NULL, NULL, 1, 1, 4.77777, 2, 0, 0, 0),
(449, 27, '2015-01-28', '22:00:00', 4, 12, NULL, NULL, 1, 1, 4.77777, 2, 0, 0, 0),
(450, 27, '2015-02-01', '19:00:00', 14, 19, NULL, NULL, 1, 1, 4.77777, 2, 0, 0, 0),
(451, 27, '2015-02-01', '21:05:00', 15, 8, NULL, NULL, 1, 1, 4.77777, 2, 0, 0, 0),
(452, 27, '2015-02-04', '02:45:00', 3, 5, NULL, NULL, 1, 1, 4.77777, 2, 0, 0, 0),
(453, 27, '2015-02-04', '02:45:00', 18, 9, NULL, NULL, 1, 1, 4.77777, 2, 0, 0, 0),
(454, 28, '2015-02-04', '02:45:00', 7, 6, NULL, NULL, 1, 1, 4.77777, 2, 0, 0, 0),
(455, 28, '2015-02-05', '02:45:00', 16, 12, NULL, NULL, 1, 1, 4.77777, 2, 0, 0, 0),
(456, 28, '2015-02-05', '02:45:00', 10, 17, NULL, NULL, 1, 1, 4.77777, 2, 0, 0, 0),
(457, 28, '2015-02-05', '02:45:00', 11, 8, NULL, NULL, 1, 1, 4.77777, 2, 0, 0, 0),
(458, 28, '2015-02-05', '02:45:00', 2, 15, NULL, NULL, 1, 1, 4.77777, 2, 0, 0, 0),
(459, 28, '2015-02-05', '02:45:00', 13, 20, NULL, NULL, 1, 1, 4.77777, 2, 0, 0, 0),
(460, 28, '2015-02-05', '02:45:00', 19, 1, NULL, NULL, 1, 1, 4.77777, 2, 0, 0, 0),
(461, 28, '2015-02-05', '03:00:00', 14, 4, NULL, NULL, 1, 1, 4.77777, 2, 0, 0, 0),
(462, 28, '2015-02-07', '22:00:00', 2, 16, NULL, NULL, 1, 1, 4.77777, 2, 0, 0, 0),
(463, 28, '2015-02-14', '19:45:00', 9, 2, NULL, NULL, 1, 1, 4.77777, 2, 0, 0, 0),
(464, 29, '2015-02-14', '22:00:00', 1, 3, NULL, NULL, 1, 1, 4.77777, 2, 0, 0, 0),
(465, 29, '2015-02-14', '22:00:00', 6, 11, NULL, NULL, 1, 1, 4.77777, 2, 0, 0, 0),
(466, 29, '2015-02-14', '22:00:00', 5, 7, NULL, NULL, 1, 1, 4.77777, 2, 0, 0, 0),
(467, 29, '2015-02-14', '22:00:00', 8, 10, NULL, NULL, 1, 1, 4.77777, 2, 0, 0, 0),
(468, 29, '2015-02-14', '22:00:00', 15, 13, NULL, NULL, 1, 1, 4.77777, 2, 0, 0, 0),
(469, 29, '2015-02-15', '00:30:00', 4, 19, NULL, NULL, 1, 1, 4.77777, 2, 0, 0, 0),
(470, 29, '2015-02-15', '20:30:00', 20, 18, NULL, NULL, 1, 1, 4.77777, 2, 0, 0, 0),
(471, 29, '2015-02-15', '23:00:00', 17, 16, NULL, NULL, 1, 1, 4.77777, 2, 0, 0, 0),
(472, 29, '2015-02-17', '03:00:00', 12, 14, NULL, NULL, 1, 1, 4.77777, 2, 0, 0, 0),
(473, 29, '2015-02-21', '19:45:00', 19, 6, NULL, NULL, 1, 1, 4.77777, 2, 0, 0, 0),
(474, 30, '2015-02-21', '22:00:00', 11, 9, NULL, NULL, 1, 1, 4.77777, 2, 0, 0, 0),
(475, 30, '2015-02-21', '22:00:00', 18, 4, NULL, NULL, 1, 1, 4.77777, 2, 0, 0, 0),
(476, 30, '2015-02-21', '22:00:00', 16, 1, NULL, NULL, 1, 1, 4.77777, 2, 0, 0, 0),
(477, 30, '2015-02-21', '22:00:00', 2, 8, NULL, NULL, 1, 1, 4.77777, 2, 0, 0, 0),
(478, 30, '2015-02-21', '22:00:00', 7, 12, NULL, NULL, 1, 1, 4.77777, 2, 0, 0, 0),
(479, 30, '2015-02-21', '22:00:00', 10, 15, NULL, NULL, 1, 1, 4.77777, 2, 0, 0, 0),
(480, 30, '2015-02-22', '00:30:00', 13, 5, NULL, NULL, 1, 1, 4.77777, 2, 0, 0, 0),
(481, 30, '2015-02-22', '20:30:00', 14, 17, NULL, NULL, 1, 1, 4.77777, 2, 0, 0, 0),
(482, 30, '2015-02-22', '23:00:00', 3, 20, NULL, NULL, 1, 1, 4.77777, 2, 0, 0, 0),
(483, 30, '2015-03-04', '21:00:00', 17, 7, NULL, NULL, 1, 1, 4.77777, 2, 0, 0, 0),
(484, 31, '2015-03-04', '21:00:00', 5, 10, NULL, NULL, 1, 1, 4.77777, 2, 0, 0, 0),
(485, 31, '2015-03-04', '21:00:00', 12, 3, NULL, NULL, 1, 1, 4.77777, 2, 0, 0, 0),
(486, 31, '2015-03-04', '21:00:00', 1, 13, NULL, NULL, 1, 1, 4.77777, 2, 0, 0, 0),
(487, 31, '2015-03-04', '21:00:00', 6, 2, NULL, NULL, 1, 1, 4.77777, 2, 0, 0, 0),
(488, 31, '2015-03-04', '21:00:00', 8, 18, NULL, NULL, 1, 1, 4.77777, 2, 0, 0, 0),
(489, 31, '2015-03-04', '21:00:00', 4, 16, NULL, NULL, 1, 1, 4.77777, 2, 0, 0, 0),
(490, 31, '2015-03-04', '21:00:00', 15, 14, NULL, NULL, 1, 1, 4.77777, 2, 0, 0, 0),
(491, 31, '2015-03-04', '21:00:00', 20, 11, NULL, NULL, 1, 1, 4.77777, 2, 0, 0, 0),
(492, 31, '2015-03-04', '21:00:00', 9, 19, NULL, NULL, 1, 1, 4.77777, 2, 0, 0, 0),
(493, 31, '2015-03-11', '21:00:00', 12, 8, NULL, NULL, 1, 1, 4.77777, 2, 0, 0, 0),
(494, 32, '2015-03-11', '21:00:00', 16, 7, NULL, NULL, 1, 1, 4.77777, 2, 0, 0, 0),
(495, 32, '2015-03-11', '21:00:00', 6, 1, NULL, NULL, 1, 1, 4.77777, 2, 0, 0, 0),
(496, 32, '2015-03-11', '21:00:00', 5, 9, NULL, NULL, 1, 1, 4.77777, 2, 0, 0, 0),
(497, 32, '2015-03-11', '21:00:00', 13, 11, NULL, NULL, 1, 1, 4.77777, 2, 0, 0, 0),
(498, 32, '2015-03-11', '21:00:00', 18, 3, NULL, NULL, 1, 1, 4.77777, 2, 0, 0, 0),
(499, 32, '2015-03-11', '21:00:00', 14, 10, NULL, NULL, 1, 1, 4.77777, 2, 0, 0, 0),
(500, 32, '2015-03-11', '21:00:00', 4, 15, NULL, NULL, 1, 1, 4.77777, 2, 0, 0, 0),
(501, 32, '2015-03-11', '21:00:00', 17, 19, NULL, NULL, 1, 1, 4.77777, 2, 0, 0, 0),
(502, 32, '2015-03-11', '21:00:00', 2, 20, NULL, NULL, 1, 1, 4.77777, 2, 0, 0, 0),
(503, 32, '2015-03-18', '21:00:00', 19, 13, NULL, NULL, 1, 1, 4.77777, 2, 0, 0, 0),
(504, 33, '2015-03-18', '21:00:00', 1, 12, NULL, NULL, 1, 1, 4.77777, 2, 0, 0, 0),
(505, 33, '2015-03-18', '21:00:00', 10, 16, NULL, NULL, 1, 1, 4.77777, 2, 0, 0, 0),
(506, 33, '2015-03-18', '21:00:00', 3, 14, NULL, NULL, 1, 1, 4.77777, 2, 0, 0, 0),
(507, 33, '2015-03-18', '21:00:00', 11, 18, NULL, NULL, 1, 1, 4.77777, 2, 0, 0, 0),
(508, 33, '2015-03-18', '21:00:00', 8, 4, NULL, NULL, 1, 1, 4.77777, 2, 0, 0, 0),
(509, 33, '2015-03-18', '21:00:00', 9, 6, NULL, NULL, 1, 1, 4.77777, 2, 0, 0, 0),
(510, 33, '2015-03-18', '21:00:00', 15, 5, NULL, NULL, 1, 1, 4.77777, 2, 0, 0, 0),
(511, 33, '2015-03-18', '21:00:00', 7, 2, NULL, NULL, 1, 1, 4.77777, 2, 0, 0, 0),
(512, 33, '2015-03-18', '21:00:00', 20, 17, NULL, NULL, 1, 1, 4.77777, 2, 0, 0, 0),
(513, 33, '2015-03-25', '21:00:00', 2, 13, NULL, NULL, 1, 1, 4.77777, 2, 0, 0, 0),
(514, 34, '2015-03-25', '21:00:00', 18, 16, NULL, NULL, 1, 1, 4.77777, 2, 0, 0, 0),
(515, 34, '2015-03-25', '21:00:00', 6, 14, NULL, NULL, 1, 1, 4.77777, 2, 0, 0, 0),
(516, 34, '2015-03-25', '21:00:00', 10, 12, NULL, NULL, 1, 1, 4.77777, 2, 0, 0, 0),
(517, 34, '2015-03-25', '21:00:00', 11, 5, NULL, NULL, 1, 1, 4.77777, 2, 0, 0, 0),
(518, 34, '2015-03-25', '21:00:00', 4, 1, NULL, NULL, 1, 1, 4.77777, 2, 0, 0, 0),
(519, 34, '2015-03-25', '21:00:00', 15, 20, NULL, NULL, 1, 1, 4.77777, 2, 0, 0, 0),
(520, 34, '2015-03-25', '21:00:00', 9, 3, NULL, NULL, 1, 1, 4.77777, 2, 0, 0, 0),
(521, 34, '2015-03-25', '21:00:00', 19, 7, NULL, NULL, 1, 1, 4.77777, 2, 0, 0, 0),
(522, 34, '2015-03-25', '21:00:00', 8, 17, NULL, NULL, 1, 1, 4.77777, 2, 0, 0, 0),
(523, 34, '2015-04-02', '21:00:00', 5, 18, NULL, NULL, 1, 1, 4.77777, 2, 0, 0, 0),
(524, 35, '2015-04-02', '21:00:00', 12, 11, NULL, NULL, 1, 1, 4.77777, 2, 0, 0, 0),
(525, 35, '2015-04-02', '21:00:00', 13, 4, NULL, NULL, 1, 1, 4.77777, 2, 0, 0, 0),
(526, 35, '2015-04-02', '21:00:00', 17, 6, NULL, NULL, 1, 1, 4.77777, 2, 0, 0, 0),
(527, 35, '2015-04-02', '21:00:00', 16, 19, NULL, NULL, 1, 1, 4.77777, 2, 0, 0, 0),
(528, 35, '2015-04-02', '21:00:00', 14, 2, NULL, NULL, 1, 1, 4.77777, 2, 0, 0, 0),
(529, 35, '2015-04-02', '21:00:00', 7, 8, NULL, NULL, 1, 1, 4.77777, 2, 0, 0, 0),
(530, 35, '2015-04-02', '21:00:00', 3, 15, NULL, NULL, 1, 1, 4.77777, 2, 0, 0, 0),
(531, 35, '2015-04-02', '21:00:00', 20, 9, NULL, NULL, 1, 1, 4.77777, 2, 0, 0, 0),
(532, 35, '2015-04-02', '21:00:00', 1, 10, NULL, NULL, 1, 1, 4.77777, 2, 0, 0, 0),
(533, 35, '2015-04-09', '21:00:00', 1, 18, NULL, NULL, 1, 1, 4.77777, 2, 0, 0, 0),
(534, 36, '2015-04-09', '21:00:00', 10, 6, NULL, NULL, 1, 1, 4.77777, 2, 0, 0, 0),
(535, 36, '2015-04-09', '21:00:00', 11, 16, NULL, NULL, 1, 1, 4.77777, 2, 0, 0, 0),
(536, 36, '2015-04-09', '21:00:00', 3, 4, NULL, NULL, 1, 1, 4.77777, 2, 0, 0, 0),
(537, 36, '2015-04-09', '21:00:00', 19, 2, NULL, NULL, 1, 1, 4.77777, 2, 0, 0, 0),
(538, 36, '2015-04-09', '21:00:00', 8, 5, NULL, NULL, 1, 1, 4.77777, 2, 0, 0, 0),
(539, 36, '2015-04-09', '21:00:00', 7, 13, NULL, NULL, 1, 1, 4.77777, 2, 0, 0, 0),
(540, 36, '2015-04-09', '21:00:00', 15, 12, NULL, NULL, 1, 1, 4.77777, 2, 0, 0, 0),
(541, 36, '2015-04-09', '21:00:00', 9, 17, NULL, NULL, 1, 1, 4.77777, 2, 0, 0, 0),
(542, 36, '2015-04-09', '21:00:00', 20, 14, NULL, NULL, 1, 1, 4.77777, 2, 0, 0, 0),
(543, 36, '2015-04-16', '21:00:00', 12, 19, NULL, NULL, 1, 1, 4.77777, 2, 0, 0, 0),
(544, 37, '2015-04-16', '21:00:00', 13, 8, NULL, NULL, 1, 1, 4.77777, 2, 0, 0, 0),
(545, 37, '2015-04-16', '21:00:00', 5, 1, NULL, NULL, 1, 1, 4.77777, 2, 0, 0, 0),
(546, 37, '2015-04-16', '21:00:00', 6, 20, NULL, NULL, 1, 1, 4.77777, 2, 0, 0, 0),
(547, 37, '2015-04-16', '21:00:00', 16, 3, NULL, NULL, 1, 1, 4.77777, 2, 0, 0, 0),
(548, 37, '2015-04-16', '21:00:00', 18, 7, NULL, NULL, 1, 1, 4.77777, 2, 0, 0, 0),
(549, 37, '2015-04-16', '21:00:00', 14, 9, NULL, NULL, 1, 1, 4.77777, 2, 0, 0, 0),
(550, 37, '2015-04-16', '21:00:00', 4, 11, NULL, NULL, 1, 1, 4.77777, 2, 0, 0, 0),
(551, 37, '2015-04-16', '21:00:00', 2, 10, NULL, NULL, 1, 1, 4.77777, 2, 0, 0, 0),
(552, 37, '2015-04-16', '21:00:00', 17, 15, NULL, NULL, 1, 1, 4.77777, 2, 0, 0, 0),
(553, 37, '2015-04-24', '21:00:00', 1, 2, NULL, NULL, 1, 1, 4.77777, 2, 0, 0, 0),
(554, 38, '2015-04-24', '21:00:00', 19, 18, NULL, NULL, 1, 1, 4.77777, 2, 1, 0, 0),
(555, 38, '2015-04-24', '21:00:00', 10, 13, NULL, NULL, 1, 1, 4.77777, 2, 0, 0, 0),
(556, 38, '2015-04-24', '21:00:00', 3, 17, NULL, NULL, 1, 1, 4.77777, 2, 0, 0, 0),
(557, 38, '2015-04-24', '21:00:00', 11, 14, NULL, NULL, 1, 1, 4.77777, 2, 0, 0, 0),
(558, 38, '2015-04-24', '21:00:00', 20, 5, NULL, NULL, 1, 1, 4.77777, 2, 0, 0, 0),
(559, 38, '2015-04-24', '21:00:00', 15, 6, NULL, NULL, 1, 1, 4.77777, 2, 0, 0, 0),
(560, 38, '2015-04-24', '21:00:00', 7, 4, NULL, NULL, 1, 1, 4.77777, 2, 0, 0, 0),
(561, 38, '2015-04-24', '21:00:00', 9, 12, NULL, NULL, 1, 1, 4.77777, 2, 0, 0, 0),
(562, 38, '2015-04-24', '21:00:00', 8, 16, NULL, NULL, 1, 1, 4.77777, 2, 0, 0, 0),
(563, 38, '2015-04-24', '21:00:00', 1, 2, NULL, NULL, 1, 1, 4.77777, 2, 0, 0, 0),
(667, 24, '2015-01-07', '19:45:00', 16, 15, NULL, NULL, 0, 0, 0, 0, 0, 0, 0),
(668, 24, '2015-01-07', '22:00:00', 1, 9, NULL, NULL, 0, 0, 0, 0, 0, 0, 0),
(669, 24, '2015-01-07', '22:00:00', 12, 5, NULL, NULL, 0, 0, 0, 0, 0, 0, 0),
(670, 24, '2015-01-07', '22:00:00', 19, 3, NULL, NULL, 0, 0, 0, 0, 0, 0, 0),
(671, 24, '2015-01-07', '22:00:00', 2, 18, NULL, NULL, 0, 0, 0, 0, 0, 0, 0),
(672, 24, '2015-01-07', '22:00:00', 7, 20, NULL, NULL, 0, 0, 0, 0, 0, 0, 0),
(673, 24, '2015-01-08', '03:00:00', 8, 14, NULL, NULL, 0, 0, 0, 0, 0, 0, 0),
(674, 24, '2015-01-08', '19:00:00', 4, 6, NULL, NULL, 0, 0, 0, 0, 0, 0, 0),
(675, 24, '2015-01-08', '21:05:00', 10, 11, NULL, NULL, 0, 0, 0, 0, 0, 0, 0),
(676, 24, '2015-01-08', '23:15:00', 13, 17, NULL, NULL, 0, 0, 0, 0, 0, 0, 0);

-- --------------------------------------------------------

--
-- Table structure for table `matchday_comment`
--

CREATE TABLE IF NOT EXISTS `matchday_comment` (
  `id` int(8) NOT NULL AUTO_INCREMENT,
  `user_id` int(8) NOT NULL,
  `matchday_id` int(8) NOT NULL,
  `value` varchar(500) NOT NULL,
  `created` timestamp NOT NULL DEFAULT CURRENT_TIMESTAMP ON UPDATE CURRENT_TIMESTAMP,
  `points` int(11) NOT NULL DEFAULT '0',
  `parent_id` int(11) DEFAULT NULL,
  PRIMARY KEY (`id`),
  KEY `user_id` (`user_id`),
  KEY `matchday_id` (`matchday_id`),
  KEY `parent_id` (`parent_id`)
) ENGINE=InnoDB  DEFAULT CHARSET=latin1 AUTO_INCREMENT=83 ;

--
-- Dumping data for table `matchday_comment`
--

INSERT INTO `matchday_comment` (`id`, `user_id`, `matchday_id`, `value`, `created`, `points`, `parent_id`) VALUES
(9, 9, 246, 'abcd efgh ijkl mnop sdfqwr sdf abcd efgh ijkl mnop sdfqwr sdf abcd efgh ijkl mnop sdfqwr sdf abcd efgh ijkl mnop sdfqwr sdf abcd efgh ijkl mnop sdfqwr sdf abcd efgh ijkl mnop sdfqwr sdf ', '2015-04-17 20:20:58', 23, NULL),
(10, 9, 246, 'parent 9', '2015-04-18 06:20:39', 22, NULL),
(11, 9, 246, 'parent 7', '2015-04-07 15:53:13', 0, NULL),
(13, 23, 246, 'bawah 2', '2015-04-16 15:14:08', 0, 9),
(14, 23, 246, 'bawah 3', '2015-04-16 15:14:12', 0, 9),
(15, 9, 246, 'parent 1', '2015-04-01 15:10:48', 0, NULL),
(16, 9, 246, 'parent 2\r\n', '2015-04-02 15:10:48', 0, NULL),
(17, 9, 246, 'parent 3\r\n', '2015-04-03 15:10:48', 0, NULL),
(18, 9, 246, 'parent 4\r\n', '2015-04-04 15:10:48', 0, NULL),
(19, 9, 246, 'parent 5\r\n', '2015-04-05 15:10:48', 0, NULL),
(20, 9, 246, 'parent 6\r\n', '2015-04-06 15:10:48', 0, NULL),
(21, 23, 246, 'bawah 4\r\n', '2015-04-16 15:14:12', 0, 9),
(22, 23, 246, 'bawah 5\r\n', '2015-04-16 15:14:12', 0, 9),
(23, 23, 246, 'bawah 6\r\n', '2015-04-16 15:14:12', 0, 9),
(24, 23, 246, 'bawah 7\r\n', '2015-04-16 15:14:12', 0, 9),
(25, 23, 246, 'bawah 8\r\n', '2015-04-16 15:14:12', 0, 9),
(52, 22, 246, 'This is my comment.', '2015-04-20 12:50:01', 6, NULL),
(54, 22, 246, '@googleAcc sdf', '2015-04-20 12:30:25', 2, 52),
(55, 22, 246, '@luisfigo ssssss', '2015-04-20 12:31:08', 2, 9),
(78, 22, 246, '@googleAcc sdf', '2015-04-20 17:44:49', 2, 52),
(79, 22, 246, '@googleAcc sdf', '2015-04-20 17:44:53', 1, 52),
(80, 22, 246, '@googleAcc ddd', '2015-04-20 17:44:59', 1, 52),
(81, 22, 246, '@fbAcc yayaya', '2015-04-20 17:49:38', 2, 9),
(82, 22, 246, '@luisfigo bole dah', '2015-04-20 17:49:58', 0, 10);

-- --------------------------------------------------------

--
-- Table structure for table `matchday_comment_point`
--

CREATE TABLE IF NOT EXISTS `matchday_comment_point` (
  `id` int(10) NOT NULL AUTO_INCREMENT,
  `comment_id` int(10) NOT NULL,
  `user_id` int(8) NOT NULL,
  `is_up` tinyint(4) NOT NULL DEFAULT '0',
  PRIMARY KEY (`id`),
  KEY `comment_id` (`comment_id`),
  KEY `user_id` (`user_id`)
) ENGINE=InnoDB  DEFAULT CHARSET=latin1 AUTO_INCREMENT=64 ;

--
-- Dumping data for table `matchday_comment_point`
--

INSERT INTO `matchday_comment_point` (`id`, `comment_id`, `user_id`, `is_up`) VALUES
(54, 52, 22, 0),
(55, 54, 22, 1),
(56, 78, 22, 1),
(57, 79, 22, 1),
(58, 80, 22, 1),
(59, 9, 22, 1),
(60, 13, 22, 0),
(61, 14, 22, 0),
(62, 55, 22, 1),
(63, 81, 22, 1);

-- --------------------------------------------------------

--
-- Table structure for table `matchday_rating`
--

CREATE TABLE IF NOT EXISTS `matchday_rating` (
  `id` int(10) NOT NULL AUTO_INCREMENT,
  `matchday_id` int(10) NOT NULL,
  `user_id` int(8) NOT NULL,
  `rating_value` int(11) DEFAULT NULL,
  PRIMARY KEY (`id`),
  KEY `matchday_id` (`matchday_id`),
  KEY `user_id` (`user_id`)
) ENGINE=InnoDB  DEFAULT CHARSET=latin1 AUTO_INCREMENT=26 ;

--
-- Dumping data for table `matchday_rating`
--

INSERT INTO `matchday_rating` (`id`, `matchday_id`, `user_id`, `rating_value`) VALUES
(24, 246, 22, 5),
(25, 251, 22, 2);

-- --------------------------------------------------------

--
-- Table structure for table `matchday_voting`
--

CREATE TABLE IF NOT EXISTS `matchday_voting` (
  `id` int(16) NOT NULL AUTO_INCREMENT,
  `matchday_id` int(16) NOT NULL,
  `user_id` int(8) NOT NULL,
  `vote` int(4) NOT NULL,
  PRIMARY KEY (`id`),
  KEY `matchday_id` (`matchday_id`),
  KEY `user_id` (`user_id`)
) ENGINE=InnoDB  DEFAULT CHARSET=latin1 AUTO_INCREMENT=50 ;

--
-- Dumping data for table `matchday_voting`
--

INSERT INTO `matchday_voting` (`id`, `matchday_id`, `user_id`, `vote`) VALUES
(33, 554, 23, 1),
(35, 246, 22, 2),
(36, 245, 22, 3),
(41, 244, 22, 2),
(42, 253, 22, 2),
(43, 247, 22, 2),
(44, 251, 22, 2),
(45, 246, 23, 1),
(46, 250, 22, 2),
(47, 248, 22, 1),
(48, 252, 22, 3),
(49, 249, 22, 1);

-- --------------------------------------------------------

--
-- Table structure for table `phase`
--

CREATE TABLE IF NOT EXISTS `phase` (
  `key` varchar(64) NOT NULL,
  `value` varchar(64) NOT NULL,
  PRIMARY KEY (`key`)
) ENGINE=InnoDB DEFAULT CHARSET=latin1;

--
-- Dumping data for table `phase`
--

INSERT INTO `phase` (`key`, `value`) VALUES
('CURRENT_MATCHDAY', '24'),
('CURRENT_SEASON', '1');

-- --------------------------------------------------------

--
-- Table structure for table `player`
--

CREATE TABLE IF NOT EXISTS `player` (
  `id` int(10) NOT NULL AUTO_INCREMENT,
  `team_id` int(10) NOT NULL,
  `player_number` int(5) NOT NULL,
  `name` varchar(128) NOT NULL,
  `position` varchar(16) NOT NULL,
  PRIMARY KEY (`id`),
  UNIQUE KEY `team_id_2` (`team_id`,`player_number`),
  KEY `team_id` (`team_id`)
) ENGINE=InnoDB  DEFAULT CHARSET=latin1 AUTO_INCREMENT=713 ;

--
-- Dumping data for table `player`
--

INSERT INTO `player` (`id`, `team_id`, `player_number`, `name`, `position`) VALUES
(1, 15, 1, 'Wojciech Szczesny', 'GOALKEEPER'),
(2, 15, 2, 'Mathieu Debuchy', 'DEFENDER'),
(3, 15, 3, 'Kieran Gibbs', 'DEFENDER'),
(4, 15, 4, 'Per Mertesacker', 'DEFENDER'),
(5, 15, 5, 'Gabriel Paulista', 'DEFENDER'),
(6, 15, 6, 'Laurent Koscielny', 'DEFENDER'),
(7, 15, 7, 'Tomas Rosicky', 'MIDFIELDER'),
(8, 15, 8, 'Mikel Arteta', 'MIDFIELDER'),
(9, 15, 10, 'Jack Wilshere', 'MIDFIELDER'),
(10, 15, 11, 'Mesut Özil', 'MIDFIELDER'),
(11, 15, 12, 'Olivier Giroud', 'FORWARD'),
(12, 15, 13, 'David Ospina', 'GOALKEEPER'),
(13, 15, 14, 'Theo Walcott', 'FORWARD'),
(14, 15, 16, 'Aaron Ramsey', 'MIDFIELDER'),
(15, 15, 17, 'Alexis Sánchez', 'FORWARD'),
(16, 15, 18, 'Nacho Monreal', 'DEFENDER'),
(17, 15, 19, 'Santiago Cazorla', 'MIDFIELDER'),
(18, 15, 20, 'Mathieu Flamini', 'MIDFIELDER'),
(19, 15, 23, 'Danny Welbeck', 'FORWARD'),
(20, 15, 24, 'Vassiriki Abou Diaby', 'MIDFIELDER'),
(21, 15, 26, 'Emiliano Martinez', 'GOALKEEPER'),
(22, 15, 34, 'Francis Coquelin', 'MIDFIELDER'),
(23, 15, 36, 'Krystian Bielik', 'MIDFIELDER'),
(24, 15, 15, 'Alex Oxlade-Chamberlain', 'MIDFIELDER'),
(25, 15, 21, 'Calum Chambers', 'DEFENDER'),
(26, 15, 27, 'Serge Gnabry', 'MIDFIELDER'),
(27, 15, 35, 'Gedion Zelalem', 'MIDFIELDER'),
(28, 15, 37, 'Semi Ajayi', 'DEFENDER'),
(29, 15, 38, 'Chuba Akpom', 'FORWARD'),
(30, 15, 39, 'Héctor Bellerín', 'DEFENDER'),
(31, 15, 42, 'Isaac Hayden', 'DEFENDER'),
(32, 15, 43, 'Ryan Huddart', 'GOALKEEPER'),
(33, 15, 44, 'Deyan Iliev', 'GOALKEEPER'),
(34, 15, 45, 'Alex Iwobi', 'MIDFIELDER'),
(35, 15, 47, 'Glen Kamara', 'MIDFIELDER'),
(36, 15, 70, 'Ainsley Maitland-Niles', 'MIDFIELDER'),
(37, 15, 73, 'Stefan O''Connor', 'DEFENDER'),
(45, 7, 1, 'Brad Guzan', 'GOALKEEPER'),
(46, 7, 2, 'Nathan Baker', 'DEFENDER'),
(47, 7, 4, 'Ron Vlaar', 'DEFENDER'),
(48, 7, 5, 'Jores Okore', 'DEFENDER'),
(49, 7, 6, 'Ciaran Clark', 'DEFENDER'),
(50, 7, 7, 'Leandro Bacuna', 'DEFENDER'),
(51, 7, 8, 'Tom Cleverley', 'MIDFIELDER'),
(52, 7, 9, 'Scott Sinclair', 'MIDFIELDER'),
(53, 7, 10, 'Andreas Weimann', 'FORWARD'),
(54, 7, 11, 'Gabriel Agbonlahor', 'FORWARD'),
(55, 7, 12, 'Joe Cole', 'MIDFIELDER'),
(56, 7, 14, 'Philippe Senderos', 'DEFENDER'),
(57, 7, 15, 'Ashley Westwood', 'MIDFIELDER'),
(58, 7, 16, 'Fabian Delph', 'MIDFIELDER'),
(59, 7, 18, 'Kieran Richardson', 'MIDFIELDER'),
(60, 7, 20, 'Christian Benteke', 'FORWARD'),
(61, 7, 21, 'Alan Hutton', 'DEFENDER'),
(62, 7, 23, 'Aly Cissokho', 'DEFENDER'),
(63, 7, 24, 'Carlos Sánchez', 'MIDFIELDER'),
(64, 7, 25, 'Carles Gil', 'MIDFIELDER'),
(65, 7, 27, 'Libor Kozák', 'FORWARD'),
(66, 7, 28, 'Charles N''Zogbia', 'MIDFIELDER'),
(67, 7, 31, 'Shay Given', 'GOALKEEPER'),
(68, 7, 33, 'Benjamin Siegrist', 'GOALKEEPER'),
(69, 7, 34, 'Matthew Lowton', 'DEFENDER'),
(70, 7, 32, 'Janoi Donacien', 'DEFENDER'),
(71, 7, 38, 'Graham Burke', 'FORWARD'),
(72, 7, 39, 'Riccardo Calder', 'MIDFIELDER'),
(73, 7, 40, 'Jack Grealish', 'MIDFIELDER'),
(79, 4, 1, 'Tom Heaton', 'GOALKEEPER'),
(80, 4, 2, 'Kieran Trippier', 'DEFENDER'),
(81, 4, 3, 'Daniel Lafferty', 'DEFENDER'),
(82, 4, 4, 'Michael Duff', 'DEFENDER'),
(83, 4, 5, 'Jason Shackell', 'DEFENDER'),
(84, 4, 6, 'Ben Mee', 'DEFENDER'),
(85, 4, 7, 'Ross Wallace', 'MIDFIELDER'),
(86, 4, 8, 'Dean Marney', 'MIDFIELDER'),
(87, 4, 9, 'Sam Vokes', 'FORWARD'),
(88, 4, 10, 'Danny Ings', 'FORWARD'),
(89, 4, 11, 'Michael Kightly', 'MIDFIELDER'),
(90, 4, 14, 'David Jones', 'MIDFIELDER'),
(91, 4, 15, 'Matthew Taylor', 'MIDFIELDER'),
(92, 4, 16, 'Luke O''Neill', 'DEFENDER'),
(93, 4, 17, 'Marvin Sordell', 'FORWARD'),
(94, 4, 18, 'Steven Reid', 'DEFENDER'),
(95, 4, 19, 'Lukas Jutkiewicz', 'FORWARD'),
(96, 4, 21, 'George Boyd', 'MIDFIELDER'),
(97, 4, 22, 'Matthew Gilks', 'GOALKEEPER'),
(98, 4, 23, 'Stephen Ward', 'DEFENDER'),
(99, 4, 28, 'Kevin Long', 'DEFENDER'),
(100, 4, 30, 'Ashley Barnes', 'FORWARD'),
(101, 4, 37, 'Scott Arfield', 'MIDFIELDER'),
(102, 4, 25, 'Michael Keane', 'DEFENDER'),
(103, 4, 32, 'Cameron Howieson', 'MIDFIELDER'),
(104, 4, 33, 'Steven Hewitt', 'MIDFIELDER'),
(105, 4, 34, 'Tom Anderson', 'DEFENDER'),
(106, 4, 38, 'Cameron Dummigan', 'DEFENDER'),
(107, 4, 44, 'Jason Gilchrist', 'FORWARD'),
(142, 9, 1, 'Julian Speroni', 'GOALKEEPER'),
(143, 9, 2, 'Joel Ward', 'DEFENDER'),
(144, 9, 3, 'Adrian Mariappa', 'DEFENDER'),
(145, 9, 4, 'Brede Hangeland', 'DEFENDER'),
(146, 9, 5, 'Paddy McCarthy', 'DEFENDER'),
(147, 9, 6, 'Scott Dann', 'DEFENDER'),
(148, 9, 7, 'Yannick Bolasie', 'MIDFIELDER'),
(149, 9, 8, 'Adlène Guédioura', 'MIDFIELDER'),
(150, 9, 10, 'Fraizer Campbell', 'FORWARD'),
(151, 9, 11, 'Wilfried Zaha', 'MIDFIELDER'),
(152, 9, 13, 'Wayne Hennessey', 'GOALKEEPER'),
(153, 9, 14, 'Jerome Thomas', 'MIDFIELDER'),
(154, 9, 15, 'Mile Jedinak', 'MIDFIELDER'),
(155, 9, 16, 'Dwight Gayle', 'FORWARD'),
(156, 9, 17, 'Glenn Murray', 'FORWARD'),
(157, 9, 18, 'James McArthur', 'MIDFIELDER'),
(158, 9, 21, 'Lee Chung-yong', 'MIDFIELDER'),
(159, 9, 22, 'Jordon Mutch', 'MIDFIELDER'),
(160, 9, 23, 'Shola Ameobi', 'FORWARD'),
(161, 9, 26, 'Chris Kettings', 'GOALKEEPER'),
(162, 9, 27, 'Damien Delaney', 'DEFENDER'),
(163, 9, 28, 'Joe Ledley', 'MIDFIELDER'),
(164, 9, 29, 'Marouane Chamakh', 'FORWARD'),
(165, 9, 32, 'Kwesi Appiah', 'FORWARD'),
(166, 9, 34, 'Martin Kelly', 'DEFENDER'),
(167, 9, 35, 'Owen Garvan', 'MIDFIELDER'),
(168, 9, 40, 'Pape Souaré', 'DEFENDER'),
(169, 9, 42, 'Jason Puncheon', 'MIDFIELDER'),
(212, 3, 1, 'Allan McGregor', 'GOALKEEPER'),
(213, 3, 2, 'Liam Rosenior', 'DEFENDER'),
(214, 3, 3, 'Maynor Figueroa', 'DEFENDER'),
(215, 3, 4, 'Alex Bruce', 'DEFENDER'),
(216, 3, 5, 'James Chester', 'DEFENDER'),
(217, 3, 6, 'Curtis Davies', 'DEFENDER'),
(218, 3, 7, 'David Meyler', 'MIDFIELDER'),
(219, 3, 8, 'Tom Huddlestone', 'MIDFIELDER'),
(220, 3, 9, 'Abel Hernández', 'FORWARD'),
(221, 3, 10, 'Robert Snodgrass', 'MIDFIELDER'),
(222, 3, 11, 'Robbie Brady', 'MIDFIELDER'),
(223, 3, 14, 'Jake Livermore', 'MIDFIELDER'),
(224, 3, 15, 'Paul McShane', 'DEFENDER'),
(225, 3, 16, 'Eldin Jakupovic', 'GOALKEEPER'),
(226, 3, 17, 'Mohamed Diamé', 'MIDFIELDER'),
(227, 3, 18, 'Nikica Jelavic', 'FORWARD'),
(228, 3, 19, 'Joe Dudgeon', 'DEFENDER'),
(229, 3, 20, 'Yannick Sagbo', 'FORWARD'),
(230, 3, 21, 'Michael Dawson', 'DEFENDER'),
(231, 3, 22, 'Steve Harper', 'GOALKEEPER'),
(232, 3, 24, 'Sone Aluko', 'FORWARD'),
(233, 3, 25, 'Gastón Ramírez', 'MIDFIELDER'),
(234, 3, 27, 'Ahmed Elmohamady', 'MIDFIELDER'),
(235, 3, 29, 'Stephen Quinn', 'MIDFIELDER'),
(236, 1, 1, 'Kasper Schmeichel', 'GOALKEEPER'),
(237, 1, 2, 'Ritchie de Laet', 'DEFENDER'),
(238, 1, 3, 'Paul Konchesky', 'DEFENDER'),
(239, 1, 4, 'Daniel Drinkwater', 'MIDFIELDER'),
(240, 1, 5, 'Wes Morgan', 'DEFENDER'),
(241, 1, 6, 'Matt Upson', 'DEFENDER'),
(242, 1, 7, 'Dean Hammond', 'MIDFIELDER'),
(243, 1, 8, 'Matthew James', 'MIDFIELDER'),
(244, 1, 9, 'Jamie Vardy', 'FORWARD'),
(245, 1, 10, 'Andy King', 'MIDFIELDER'),
(246, 1, 11, 'Marc Albrighton', 'MIDFIELDER'),
(247, 1, 12, 'Ben Hamer', 'GOALKEEPER'),
(248, 1, 14, 'Robert Huth', 'DEFENDER'),
(249, 1, 15, 'Jeffrey Schlupp', 'DEFENDER'),
(250, 1, 17, 'Danny Simpson', 'DEFENDER'),
(251, 1, 19, 'Esteban Cambiasso', 'MIDFIELDER'),
(252, 1, 21, 'Zoumana Bakayogo', 'DEFENDER'),
(253, 1, 22, 'Gary Taylor-Fletcher', 'FORWARD'),
(254, 1, 23, 'Leonardo Ulloa', 'FORWARD'),
(255, 1, 24, 'Anthony Knockaert', 'MIDFIELDER'),
(256, 1, 25, 'Conrad Logan', 'GOALKEEPER'),
(257, 1, 26, 'Riyad Mahrez', 'MIDFIELDER'),
(258, 1, 27, 'Marcin Wasilewski', 'DEFENDER'),
(259, 1, 32, 'Mark Schwarzer', 'GOALKEEPER'),
(260, 1, 35, 'David Nugent', 'FORWARD'),
(261, 1, 39, 'Chris Wood', 'FORWARD'),
(262, 1, 40, 'Andrej Kramaric', 'FORWARD'),
(263, 1, 16, 'Tom Lawrence', 'FORWARD'),
(264, 1, 18, 'Liam Moore', 'DEFENDER'),
(265, 1, 44, 'Ryan Watson', 'MIDFIELDER'),
(271, 14, 1, 'Bradley Jones', 'GOALKEEPER'),
(272, 14, 2, 'Glen Johnson', 'DEFENDER'),
(273, 14, 3, 'José Enrique', 'DEFENDER'),
(274, 14, 4, 'Kolo Touré', 'DEFENDER'),
(275, 14, 6, 'Dejan Lovren', 'DEFENDER'),
(276, 14, 8, 'Steven Gerrard', 'MIDFIELDER'),
(277, 14, 9, 'Rickie Lambert', 'FORWARD'),
(278, 14, 10, 'Philippe Coutinho', 'MIDFIELDER'),
(279, 14, 14, 'Jordan Henderson', 'MIDFIELDER'),
(280, 14, 15, 'Daniel Sturridge', 'FORWARD'),
(281, 14, 17, 'Mamadou Sakho', 'DEFENDER'),
(282, 14, 18, 'Alberto Moreno', 'DEFENDER'),
(283, 14, 20, 'Adam Lallana', 'MIDFIELDER'),
(284, 14, 21, 'Lucas Leiva', 'MIDFIELDER'),
(285, 14, 22, 'Simon Mignolet', 'GOALKEEPER'),
(286, 14, 24, 'Joe Allen', 'MIDFIELDER'),
(287, 14, 29, 'Fabio Borini', 'FORWARD'),
(288, 14, 33, 'Jordon Ibe', 'MIDFIELDER'),
(289, 14, 37, 'Martin Skrtel', 'DEFENDER'),
(290, 14, 45, 'Mario Balotelli', 'FORWARD'),
(291, 14, 19, 'Javier Manquillo', 'DEFENDER'),
(292, 14, 23, 'Emre Can', 'MIDFIELDER'),
(293, 14, 31, 'Raheem Sterling', 'MIDFIELDER'),
(294, 14, 38, 'Jon Flanagan', 'DEFENDER'),
(295, 14, 43, 'Ryan McLaughlin', 'DEFENDER'),
(296, 14, 46, 'Jordan Rossiter', 'MIDFIELDER'),
(297, 14, 49, 'Jordan Williams', 'DEFENDER'),
(298, 14, 50, 'Lazar Markovic', 'FORWARD'),
(299, 14, 52, 'Danny Ward', 'GOALKEEPER'),
(308, 17, 1, 'David de Gea', 'GOALKEEPER'),
(309, 17, 2, 'Rafael', 'DEFENDER'),
(310, 17, 4, 'Phil Jones', 'DEFENDER'),
(311, 17, 5, 'Marcos Rojo', 'DEFENDER'),
(312, 17, 6, 'Jonny Evans', 'DEFENDER'),
(313, 17, 7, 'Ángel Di María', 'MIDFIELDER'),
(314, 17, 8, 'Juan Mata', 'MIDFIELDER'),
(315, 17, 9, 'Falcao', 'FORWARD'),
(316, 17, 10, 'Wayne Rooney', 'FORWARD'),
(317, 17, 12, 'Chris Smalling', 'DEFENDER'),
(318, 17, 13, 'Anders Lindegaard', 'GOALKEEPER'),
(319, 17, 16, 'Michael Carrick', 'MIDFIELDER'),
(320, 17, 17, 'Daley Blind', 'MIDFIELDER'),
(321, 17, 18, 'Ashley Young', 'MIDFIELDER'),
(322, 17, 20, 'Robin van Persie', 'FORWARD'),
(323, 17, 21, 'Ander Herrera', 'MIDFIELDER'),
(324, 17, 25, 'Antonio Valencia', 'MIDFIELDER'),
(325, 17, 31, 'Marouane Fellaini', 'MIDFIELDER'),
(326, 17, 32, 'Víctor Valdés', 'GOALKEEPER'),
(327, 17, 3, 'Luke Shaw', 'DEFENDER'),
(328, 17, 11, 'Adnan Januzaj', 'MIDFIELDER'),
(329, 17, 22, 'Nick Powell', 'MIDFIELDER'),
(330, 17, 33, 'Patrick McNair', 'DEFENDER'),
(331, 17, 39, 'Tom Thorpe', 'DEFENDER'),
(332, 17, 41, 'Reece James', 'DEFENDER'),
(333, 17, 42, 'Tyler Blackett', 'DEFENDER'),
(334, 17, 44, 'Andreas Pereira', 'MIDFIELDER'),
(335, 17, 49, 'James Wilson', 'FORWARD'),
(339, 10, 1, 'Tim Krul', 'GOALKEEPER'),
(340, 10, 2, 'Fabricio Coloccini', 'DEFENDER'),
(341, 10, 4, 'Ryan Taylor', 'DEFENDER'),
(342, 10, 6, 'Michael Williamson', 'DEFENDER'),
(343, 10, 7, 'Moussa Sissoko', 'MIDFIELDER'),
(344, 10, 8, 'Vurnon Anita', 'MIDFIELDER'),
(345, 10, 9, 'Papiss Demba Cissé', 'FORWARD'),
(346, 10, 10, 'Siem de Jong', 'FORWARD'),
(347, 10, 11, 'Yoan Gouffran', 'FORWARD'),
(348, 10, 14, 'Jack Colback', 'MIDFIELDER'),
(349, 10, 15, 'Facundo Ferreyra', 'FORWARD'),
(350, 10, 18, 'Jonás Gutiérrez', 'MIDFIELDER'),
(351, 10, 19, 'Massadio Haidara', 'DEFENDER'),
(352, 10, 20, 'Rémy Cabella', 'MIDFIELDER'),
(353, 10, 21, 'Robert Elliot', 'GOALKEEPER'),
(354, 10, 22, 'Daryl Janmaat', 'DEFENDER'),
(355, 10, 24, 'Cheick Tioté', 'MIDFIELDER'),
(356, 10, 25, 'Gabriel Obertan', 'MIDFIELDER'),
(357, 10, 27, 'Steven Taylor', 'DEFENDER'),
(358, 10, 28, 'Sammy Ameobi', 'FORWARD'),
(359, 10, 29, 'Emmanuel Rivière', 'FORWARD'),
(360, 10, 30, 'Mehdi Abeid', 'MIDFIELDER'),
(361, 10, 36, 'Paul Dummett', 'DEFENDER'),
(362, 10, 16, 'Rolando Aarons', 'MIDFIELDER'),
(363, 10, 17, 'Ayoze Pérez', 'FORWARD'),
(364, 10, 31, 'Jak Alnwick', 'GOALKEEPER'),
(365, 10, 32, 'Adam Armstrong', 'FORWARD'),
(366, 10, 33, 'Curtis Good', 'DEFENDER'),
(367, 10, 37, 'Lubomir Satka', 'DEFENDER'),
(368, 10, 41, 'Freddie Woodman', 'GOALKEEPER'),
(369, 10, 43, 'Alex Gilliead', 'FORWARD'),
(378, 2, 1, 'Robert Green', 'GOALKEEPER'),
(379, 2, 3, 'Armand Traore', 'DEFENDER'),
(380, 2, 4, 'Steven Caulker', 'DEFENDER'),
(381, 2, 5, 'Rio Ferdinand', 'DEFENDER'),
(382, 2, 6, 'Clint Hill', 'DEFENDER'),
(383, 2, 7, 'Matthew Phillips', 'MIDFIELDER'),
(384, 2, 8, 'Joey Barton', 'MIDFIELDER'),
(385, 2, 9, 'Charlie Austin', 'FORWARD'),
(386, 2, 10, 'Leroy Fer', 'MIDFIELDER'),
(387, 2, 11, 'Shaun Wright-Phillips', 'MIDFIELDER'),
(388, 2, 12, 'Alex McCarthy', 'GOALKEEPER'),
(389, 2, 13, 'Yun Suk-Young', 'DEFENDER'),
(390, 2, 14, 'Mauricio Isla', 'DEFENDER'),
(391, 2, 15, 'Nedum Onuoha', 'DEFENDER'),
(392, 2, 16, 'Jermaine Jenas', 'MIDFIELDER'),
(393, 2, 18, 'Alejandro Faurlin', 'MIDFIELDER'),
(394, 2, 19, 'Niko Kranjcar', 'MIDFIELDER'),
(395, 2, 20, 'Karl Henry', 'MIDFIELDER'),
(396, 2, 21, 'Brian Murphy', 'GOALKEEPER'),
(397, 2, 22, 'Richard Dunne', 'DEFENDER'),
(398, 2, 23, 'Junior Hoilett', 'MIDFIELDER'),
(399, 2, 24, 'Samba Diakité', 'MIDFIELDER'),
(419, 18, 1, 'Kelvin Davis', 'GOALKEEPER'),
(420, 18, 2, 'Nathaniel Clyne', 'DEFENDER'),
(421, 18, 3, 'Maya Yoshida', 'DEFENDER'),
(422, 18, 4, 'Morgan Schneiderlin', 'MIDFIELDER'),
(423, 18, 5, 'Florin Gardos', 'DEFENDER'),
(424, 18, 6, 'Jose Fonte', 'DEFENDER'),
(425, 18, 7, 'Shane Long', 'FORWARD'),
(426, 18, 8, 'Steven Davis', 'MIDFIELDER'),
(427, 18, 9, 'Jay Rodriguez', 'FORWARD'),
(428, 18, 10, 'Sadio Mané', 'MIDFIELDER'),
(429, 18, 11, 'Dusan Tadic', 'MIDFIELDER'),
(430, 18, 12, 'Victor Wanyama', 'MIDFIELDER'),
(431, 18, 15, 'Filip Djuricic', 'MIDFIELDER'),
(432, 18, 17, 'Toby Alderweireld', 'DEFENDER'),
(433, 18, 19, 'Graziano Pellè', 'FORWARD'),
(434, 18, 21, 'Ryan Bertrand', 'DEFENDER'),
(435, 18, 22, 'Eljero Elia', 'MIDFIELDER'),
(436, 18, 23, 'Fraser Forster', 'GOALKEEPER'),
(437, 18, 24, 'Emmanuel Mayuka', 'FORWARD'),
(438, 18, 25, 'Paulo Gazzaniga', 'GOALKEEPER'),
(439, 18, 16, 'James Ward-Prowse', 'MIDFIELDER'),
(440, 18, 27, 'Lloyd Isgrove', 'MIDFIELDER'),
(441, 18, 28, 'Harrison Reed', 'MIDFIELDER'),
(442, 18, 32, 'Jason McCarthy', 'DEFENDER'),
(443, 18, 33, 'Matt Targett', 'DEFENDER'),
(444, 18, 38, 'Sam McQueen', 'MIDFIELDER'),
(445, 18, 40, 'Sam Gallagher', 'FORWARD'),
(446, 18, 41, 'Cody Cropper', 'GOALKEEPER'),
(447, 18, 42, 'Jake Hesketh', 'MIDFIELDER'),
(448, 18, 45, 'Ryan Seager', 'FORWARD'),
(449, 18, 46, 'Dominic Gape', 'MIDFIELDER'),
(463, 11, 1, 'Asmir Begovic', 'GOALKEEPER'),
(464, 11, 2, 'Phil Bardsley', 'DEFENDER'),
(465, 11, 3, 'Erik Pieters', 'DEFENDER'),
(466, 11, 5, 'Marc Muniesa', 'DEFENDER'),
(467, 11, 6, 'Glenn Whelan', 'MIDFIELDER'),
(468, 11, 7, 'Stephen Ireland', 'MIDFIELDER'),
(469, 11, 8, 'Wilson Palacios', 'MIDFIELDER'),
(470, 11, 9, 'Peter Odemwingie', 'FORWARD'),
(471, 11, 10, 'Marko Arnautovic', 'FORWARD'),
(472, 11, 12, 'Marc Wilson', 'DEFENDER'),
(473, 11, 13, 'Victor Moses', 'MIDFIELDER'),
(474, 11, 15, 'Steven N''Zonzi', 'MIDFIELDER'),
(475, 11, 16, 'Charlie Adam', 'MIDFIELDER'),
(476, 11, 17, 'Ryan Shawcross', 'DEFENDER'),
(477, 11, 18, 'Mame Biram Diouf', 'FORWARD'),
(478, 11, 19, 'Jonathan Walters', 'FORWARD'),
(479, 11, 20, 'Geoff Cameron', 'DEFENDER'),
(480, 11, 21, 'Steve Sidwell', 'MIDFIELDER'),
(481, 11, 23, 'Dionatan Teixeira', 'DEFENDER'),
(482, 11, 25, 'Peter Crouch', 'FORWARD'),
(483, 11, 26, 'Philipp Wollscheid', 'DEFENDER'),
(484, 11, 27, 'Bojan', 'FORWARD'),
(485, 11, 28, 'Andy Wilkinson', 'DEFENDER'),
(486, 11, 29, 'Thomas Sørensen', 'GOALKEEPER'),
(487, 11, 22, 'Jack Butland', 'GOALKEEPER'),
(488, 11, 34, 'Oliver Shenton', 'MIDFIELDER'),
(499, 5, 1, 'Costel Pantilimon', 'GOALKEEPER'),
(500, 5, 2, 'Billy Jones', 'DEFENDER'),
(501, 5, 3, 'Patrick van Aanholt', 'DEFENDER'),
(502, 5, 4, 'Liam Bridcutt', 'MIDFIELDER'),
(503, 5, 5, 'Wes Brown', 'DEFENDER'),
(504, 5, 6, 'Lee Cattermole', 'MIDFIELDER'),
(505, 5, 7, 'Sebastian Larsson', 'MIDFIELDER'),
(506, 5, 8, 'Jack Rodwell', 'MIDFIELDER'),
(507, 5, 9, 'Steven Fletcher', 'FORWARD'),
(508, 5, 11, 'Adam Johnson', 'MIDFIELDER'),
(509, 5, 14, 'Jordi Gómez', 'MIDFIELDER'),
(510, 5, 15, 'Anthony Réveillere', 'DEFENDER'),
(511, 5, 16, 'John O''Shea', 'DEFENDER'),
(512, 5, 19, 'Danny Graham', 'FORWARD'),
(513, 5, 20, 'Ricardo Álvarez', 'MIDFIELDER'),
(514, 5, 22, 'Sebastián Coates', 'DEFENDER'),
(515, 5, 23, 'Emanuele Giaccherini', 'MIDFIELDER'),
(516, 5, 25, 'Vito Mannone', 'GOALKEEPER'),
(517, 5, 27, 'Santiago Vergini', 'DEFENDER'),
(518, 5, 28, 'Jermain Defoe', 'FORWARD'),
(519, 5, 30, 'William Buckley', 'MIDFIELDER'),
(520, 5, 10, 'Connor Wickham', 'FORWARD'),
(521, 5, 31, 'Tom Beadling', 'DEFENDER'),
(522, 5, 34, 'Thomas Robson', 'DEFENDER'),
(523, 5, 39, 'Max Stryjek', 'GOALKEEPER'),
(524, 5, 40, 'Martin Smith', 'MIDFIELDER'),
(525, 5, 41, 'Duncan Watmore', 'FORWARD'),
(526, 5, 42, 'Liam Agnew', 'MIDFIELDER'),
(538, 12, 1, 'Lukasz Fabianski', 'GOALKEEPER'),
(539, 12, 2, 'Jordi Amat', 'DEFENDER'),
(540, 12, 3, 'Neil Taylor', 'DEFENDER'),
(541, 12, 4, 'Ki Sung-yueng', 'MIDFIELDER'),
(542, 12, 6, 'Ashley Williams', 'DEFENDER'),
(543, 12, 7, 'Leon Britton', 'MIDFIELDER'),
(544, 12, 8, 'Jonjo Shelvey', 'MIDFIELDER'),
(545, 12, 11, 'Marvin Emnes', 'FORWARD'),
(546, 12, 12, 'Nathan Dyer', 'MIDFIELDER'),
(547, 12, 13, 'David Cornell', 'GOALKEEPER'),
(548, 12, 14, 'Tom Carroll', 'MIDFIELDER'),
(549, 12, 15, 'Wayne Routledge', 'MIDFIELDER'),
(550, 12, 17, 'Nélson Oliveira', 'FORWARD'),
(551, 12, 18, 'Bafétimbi Gomis', 'FORWARD'),
(552, 12, 19, 'Dwight Tiendalli', 'DEFENDER'),
(553, 12, 20, 'Jefferson Montero', 'MIDFIELDER'),
(554, 12, 21, 'Matt Grimes', 'MIDFIELDER'),
(555, 12, 22, 'Angel Rangel', 'DEFENDER'),
(556, 12, 23, 'Gylfi Sigurdsson', 'MIDFIELDER'),
(557, 12, 24, 'Jack Cork', 'MIDFIELDER'),
(558, 12, 25, 'Gerhard Tremmel', 'GOALKEEPER'),
(559, 12, 26, 'Kyle Naughton', 'DEFENDER'),
(560, 12, 27, 'Kyle Bartley', 'DEFENDER'),
(561, 12, 28, 'Curtis Obeng', 'DEFENDER'),
(562, 12, 33, 'Federico Fernández', 'DEFENDER'),
(563, 12, 58, 'Modou Barrow', 'FORWARD'),
(564, 16, 1, 'Hugo Lloris', 'GOALKEEPER'),
(565, 16, 2, 'Kyle Walker', 'DEFENDER'),
(566, 16, 3, 'Danny Rose', 'DEFENDER'),
(567, 16, 4, 'Younes Kaboul', 'DEFENDER'),
(568, 16, 5, 'Jan Vertonghen', 'DEFENDER'),
(569, 16, 6, 'Vlad Chiriches', 'DEFENDER'),
(570, 16, 8, 'Paulinho', 'MIDFIELDER'),
(571, 16, 9, 'Roberto Soldado', 'FORWARD'),
(572, 16, 10, 'Emmanuel Adebayor', 'FORWARD'),
(573, 16, 11, 'Erik Lamela', 'MIDFIELDER'),
(574, 16, 13, 'Michel Vorm', 'GOALKEEPER'),
(575, 16, 17, 'Andros Townsend', 'MIDFIELDER'),
(576, 16, 19, 'Mousa Dembélé', 'MIDFIELDER'),
(577, 16, 21, 'Federico Fazio', 'DEFENDER'),
(578, 16, 22, 'Nacer Chadli', 'MIDFIELDER'),
(579, 16, 23, 'Christian Eriksen', 'MIDFIELDER'),
(580, 16, 24, 'Brad Friedel', 'GOALKEEPER'),
(581, 16, 25, 'Benjamin Stambouli', 'MIDFIELDER'),
(582, 16, 29, 'Etienne Capoue', 'MIDFIELDER'),
(583, 16, 38, 'Ryan Mason', 'MIDFIELDER'),
(584, 16, 39, 'Cristian Ceballos', 'MIDFIELDER'),
(585, 6, 1, 'Ben Foster', 'GOALKEEPER'),
(586, 6, 3, 'Jonas Olsson', 'DEFENDER'),
(587, 6, 4, 'Chris Baird', 'DEFENDER'),
(588, 6, 5, 'Claudio Yacob', 'MIDFIELDER'),
(589, 6, 6, 'Joleon Lescott', 'DEFENDER'),
(590, 6, 7, 'James Morrison', 'MIDFIELDER'),
(591, 6, 8, 'Craig Gardner', 'MIDFIELDER'),
(592, 6, 9, 'Brown Ideye', 'FORWARD'),
(593, 6, 10, 'Victor Anichebe', 'FORWARD'),
(594, 6, 11, 'Chris Brunt', 'MIDFIELDER'),
(595, 6, 13, 'Boaz Myhill', 'GOALKEEPER'),
(596, 6, 14, 'Jason Davidson', 'DEFENDER'),
(597, 6, 15, 'Sébastien Pocognoli', 'DEFENDER'),
(598, 6, 16, 'Cristian Gamboa', 'DEFENDER'),
(599, 6, 17, 'Graham Dorrans', 'MIDFIELDER'),
(600, 6, 19, 'Callum McManaman', 'MIDFIELDER'),
(601, 6, 21, 'Youssuf Mulumbu', 'MIDFIELDER'),
(602, 6, 23, 'Gareth McAuley', 'DEFENDER'),
(603, 6, 24, 'Darren Fletcher', 'MIDFIELDER'),
(604, 6, 25, 'Craig Dawson', 'DEFENDER'),
(605, 6, 29, 'Stéphane Sessegnon', 'MIDFIELDER'),
(606, 6, 2, 'Andre Wisdom', 'DEFENDER'),
(607, 6, 18, 'Saido Berahino', 'FORWARD'),
(608, 6, 34, 'Kemar Roofe', 'MIDFIELDER'),
(609, 6, 36, 'Adil Nabi', 'FORWARD'),
(610, 6, 37, 'Mani O''Sullivan', 'MIDFIELDER'),
(611, 6, 38, 'Jack Rose', 'GOALKEEPER'),
(618, 13, 2, 'Winston Reid', 'DEFENDER'),
(619, 13, 3, 'Aaron Cresswell', 'DEFENDER'),
(620, 13, 4, 'Kevin Nolan', 'MIDFIELDER'),
(621, 13, 5, 'James Tomkins', 'DEFENDER'),
(622, 13, 7, 'Matthew Jarvis', 'MIDFIELDER'),
(623, 13, 8, 'Cheikhou Kouyaté', 'MIDFIELDER'),
(624, 13, 9, 'Andy Carroll', 'FORWARD'),
(625, 13, 11, 'Stewart Downing', 'MIDFIELDER'),
(626, 13, 13, 'Adrián', 'GOALKEEPER'),
(627, 13, 15, 'Diafra Sakho', 'FORWARD'),
(628, 13, 16, 'Mark Noble', 'MIDFIELDER'),
(629, 13, 17, 'Joey O''Brien', 'DEFENDER'),
(630, 13, 18, 'Carl Jenkinson', 'DEFENDER'),
(631, 13, 19, 'James Collins', 'DEFENDER'),
(632, 13, 20, 'Guy Demel', 'DEFENDER'),
(633, 13, 21, 'Morgan Amalfitano', 'MIDFIELDER'),
(634, 13, 22, 'Jussi Jääskeläinen', 'GOALKEEPER'),
(635, 13, 24, 'Carlton Cole', 'FORWARD'),
(636, 13, 30, 'Alexandre Song', 'MIDFIELDER'),
(637, 13, 31, 'Enner Valencia', 'FORWARD'),
(638, 13, 34, 'Raphael Spiegel', 'GOALKEEPER'),
(639, 13, 41, 'Sebastian Lletget', 'MIDFIELDER'),
(640, 13, 23, 'Diego Poyet', 'MIDFIELDER'),
(641, 13, 25, 'Doneil Henry', 'DEFENDER'),
(642, 13, 32, 'Reece Burke', 'DEFENDER'),
(643, 13, 33, 'Dan Potts', 'DEFENDER'),
(644, 13, 35, 'Reece Oxford', 'DEFENDER'),
(645, 13, 36, 'Elliot Lee', 'FORWARD'),
(646, 13, 37, 'Lewis Page', 'DEFENDER'),
(657, 19, 1, 'Joe Hart', 'GOALKEEPER'),
(658, 19, 3, 'Bacary Sagna', 'DEFENDER'),
(659, 19, 4, 'Vincent Kompany', 'DEFENDER'),
(660, 19, 5, 'Pablo Zabaleta', 'DEFENDER'),
(661, 19, 6, 'Fernando', 'MIDFIELDER'),
(662, 19, 7, 'James Milner', 'MIDFIELDER'),
(663, 19, 8, 'Samir Nasri', 'MIDFIELDER'),
(664, 19, 10, 'Edin Dzeko', 'FORWARD'),
(665, 19, 11, 'Aleksandar Kolarov', 'DEFENDER'),
(666, 19, 13, 'Willy Caballero', 'GOALKEEPER'),
(667, 19, 14, 'Wilfried Bony', 'FORWARD'),
(668, 19, 15, 'Jesús Navas', 'MIDFIELDER'),
(669, 19, 16, 'Sergio Agüero', 'FORWARD'),
(670, 19, 18, 'Frank Lampard', 'MIDFIELDER'),
(671, 19, 20, 'Eliaquim Mangala', 'DEFENDER'),
(672, 19, 21, 'David Silva', 'MIDFIELDER'),
(673, 19, 22, 'Gaël Clichy', 'DEFENDER'),
(674, 19, 25, 'Fernandinho', 'MIDFIELDER'),
(675, 19, 26, 'Martín Demichelis', 'DEFENDER'),
(676, 19, 29, 'Richard Wright', 'GOALKEEPER'),
(677, 19, 35, 'Stevan Jovetic', 'FORWARD'),
(678, 19, 38, 'Dedryck Boyata', 'DEFENDER'),
(679, 19, 42, 'Yaya Touré', 'MIDFIELDER'),
(680, 19, 59, 'Bersant Celina', 'MIDFIELDER'),
(681, 19, 61, 'Thierry Ambrose', 'FORWARD'),
(682, 19, 69, 'Angelino', 'DEFENDER'),
(683, 19, 73, 'George Glendon', 'MIDFIELDER'),
(684, 19, 78, 'Jose Pozo', 'MIDFIELDER'),
(685, 20, 1, 'Petr Cech_', 'GOALKEEPER'),
(686, 20, 2, 'Branislav Ivanovic', 'DEFENDER'),
(687, 20, 3, 'Filipe Luis', 'DEFENDER'),
(688, 20, 4, 'Cesc Fàbregas', 'MIDFIELDER'),
(689, 20, 7, 'Ramires', 'MIDFIELDER'),
(690, 20, 8, 'Oscar', 'MIDFIELDER'),
(691, 20, 10, 'Eden Hazard', 'MIDFIELDER'),
(692, 20, 11, 'Didier Drogba', 'FORWARD'),
(693, 20, 12, 'John Obi Mikel', 'MIDFIELDER'),
(694, 20, 13, 'Thibaut Courtois', 'GOALKEEPER'),
(695, 20, 18, 'Loïc Remy', 'FORWARD'),
(696, 20, 19, 'Diego Costa', 'FORWARD'),
(697, 20, 21, 'Nemanja Matic', 'MIDFIELDER'),
(698, 20, 22, 'Willian', 'MIDFIELDER'),
(699, 20, 23, 'Juan Cuadrado', 'MIDFIELDER'),
(700, 20, 24, 'Gary Cahill', 'DEFENDER'),
(701, 20, 26, 'John Terry', 'DEFENDER'),
(702, 20, 28, 'César Azpilicueta', 'DEFENDER'),
(703, 20, 5, 'Kurt Zouma', 'DEFENDER'),
(704, 20, 6, 'Nathan Aké', 'DEFENDER'),
(705, 20, 31, 'Andreas Christensen', 'DEFENDER'),
(706, 20, 32, 'Jeremie Boga', 'MIDFIELDER'),
(707, 20, 33, 'Mitchell Beeney', 'GOALKEEPER'),
(708, 20, 35, 'Dominic Solanke', 'FORWARD'),
(709, 20, 36, 'Ruben Loftus-Cheek', 'MIDFIELDER'),
(710, 20, 37, 'Izzy Brown', 'FORWARD'),
(711, 20, 46, 'Jamal Blackman', 'GOALKEEPER'),
(712, 7, 234, 'SDD', 'GOALKEEPER');

-- --------------------------------------------------------

--
-- Table structure for table `rank`
--

CREATE TABLE IF NOT EXISTS `rank` (
  `id` int(2) NOT NULL AUTO_INCREMENT,
  `week_id` int(3) NOT NULL,
  `team_id` int(10) NOT NULL,
  `games_won` int(2) DEFAULT '0',
  `games_drawn` int(2) DEFAULT '0',
  `games_lost` int(2) DEFAULT '0',
  `goals_scored` int(2) DEFAULT '0',
  `goals_against` int(2) DEFAULT '0',
  `points` int(2) DEFAULT '0',
  PRIMARY KEY (`id`),
  UNIQUE KEY `week_id_team_id` (`week_id`,`team_id`),
  KEY `week_id` (`week_id`),
  KEY `team_id` (`team_id`)
) ENGINE=InnoDB  DEFAULT CHARSET=latin1 AUTO_INCREMENT=523 ;

--
-- Dumping data for table `rank`
--

INSERT INTO `rank` (`id`, `week_id`, `team_id`, `games_won`, `games_drawn`, `games_lost`, `goals_scored`, `goals_against`, `points`) VALUES
(63, 1, 1, 0, 1, 0, 2, 2, 1),
(64, 1, 2, 0, 0, 1, 0, 1, 0),
(65, 1, 3, 1, 0, 0, 1, 0, 3),
(66, 1, 4, 0, 0, 1, 1, 3, 0),
(67, 1, 5, 0, 1, 0, 2, 2, 1),
(68, 1, 6, 0, 1, 0, 2, 2, 1),
(69, 1, 7, 1, 0, 0, 2, 0, 3),
(70, 1, 8, 0, 1, 0, 2, 2, 1),
(71, 1, 9, 0, 0, 1, 1, 2, 0),
(72, 1, 10, 0, 0, 1, 0, 2, 0),
(73, 1, 11, 0, 0, 1, 0, 2, 0),
(74, 1, 12, 1, 0, 0, 2, 1, 3),
(75, 1, 13, 0, 0, 1, 0, 1, 0),
(76, 1, 14, 1, 0, 0, 2, 1, 3),
(77, 1, 15, 1, 0, 0, 2, 1, 3),
(78, 1, 16, 1, 0, 0, 1, 0, 3),
(79, 1, 17, 0, 0, 1, 1, 2, 0),
(80, 1, 18, 0, 0, 1, 1, 2, 0),
(81, 1, 19, 1, 0, 0, 2, 0, 3),
(82, 1, 20, 1, 0, 0, 3, 1, 3),
(83, 2, 1, 0, 1, 1, 2, 4, 1),
(84, 2, 2, 0, 0, 2, 0, 5, 0),
(85, 2, 3, 1, 1, 0, 2, 1, 4),
(86, 2, 4, 0, 0, 2, 1, 4, 0),
(87, 2, 5, 0, 2, 0, 3, 3, 2),
(88, 2, 6, 0, 2, 0, 2, 2, 2),
(89, 2, 7, 1, 1, 0, 2, 0, 4),
(90, 2, 8, 0, 2, 0, 4, 4, 2),
(91, 2, 9, 0, 0, 2, 2, 5, 0),
(92, 2, 10, 0, 1, 1, 0, 2, 1),
(93, 2, 11, 0, 1, 1, 1, 3, 1),
(94, 2, 12, 2, 0, 0, 3, 1, 6),
(95, 2, 13, 1, 0, 1, 3, 2, 3),
(96, 2, 14, 1, 0, 1, 3, 4, 3),
(97, 2, 15, 1, 1, 0, 4, 3, 4),
(98, 2, 16, 2, 0, 0, 5, 0, 6),
(99, 2, 17, 0, 1, 1, 2, 3, 1),
(100, 2, 18, 0, 1, 1, 1, 2, 1),
(101, 2, 19, 2, 0, 0, 5, 1, 6),
(102, 2, 20, 2, 0, 0, 5, 1, 6),
(103, 3, 1, 0, 2, 1, 3, 5, 2),
(104, 3, 2, 1, 0, 2, 1, 5, 3),
(105, 3, 3, 1, 1, 1, 3, 3, 4),
(106, 3, 4, 0, 1, 2, 1, 4, 1),
(107, 3, 5, 0, 2, 1, 3, 4, 2),
(108, 3, 6, 0, 2, 1, 2, 5, 2),
(109, 3, 7, 2, 1, 0, 4, 1, 7),
(110, 3, 8, 0, 2, 1, 7, 10, 2),
(111, 3, 9, 0, 1, 2, 5, 8, 1),
(112, 3, 10, 0, 2, 1, 3, 5, 2),
(113, 3, 11, 1, 1, 1, 2, 3, 4),
(114, 3, 12, 3, 0, 0, 6, 1, 9),
(115, 3, 13, 1, 0, 2, 4, 5, 3),
(116, 3, 14, 2, 0, 1, 6, 4, 6),
(117, 3, 15, 1, 2, 0, 5, 4, 5),
(118, 3, 16, 2, 0, 1, 5, 3, 6),
(119, 3, 17, 0, 2, 1, 2, 3, 2),
(120, 3, 18, 1, 1, 1, 4, 3, 4),
(121, 3, 19, 2, 0, 1, 5, 2, 6),
(122, 3, 20, 3, 0, 0, 11, 4, 9),
(123, 4, 1, 1, 2, 1, 4, 5, 5),
(124, 4, 2, 1, 0, 3, 1, 9, 3),
(125, 4, 3, 1, 2, 1, 5, 5, 5),
(126, 4, 4, 0, 2, 2, 1, 4, 2),
(127, 4, 5, 0, 3, 1, 5, 6, 3),
(128, 4, 6, 0, 2, 2, 2, 7, 2),
(129, 4, 7, 3, 1, 0, 5, 1, 10),
(130, 4, 8, 1, 2, 1, 9, 10, 5),
(131, 4, 9, 0, 2, 2, 5, 8, 2),
(132, 4, 10, 0, 2, 2, 3, 9, 2),
(133, 4, 11, 1, 1, 2, 2, 4, 4),
(134, 4, 12, 3, 0, 1, 8, 5, 9),
(135, 4, 13, 1, 1, 2, 6, 7, 4),
(136, 4, 14, 2, 0, 2, 6, 5, 6),
(137, 4, 15, 1, 3, 0, 7, 6, 6),
(138, 4, 16, 2, 1, 1, 7, 5, 7),
(139, 4, 17, 1, 2, 1, 6, 3, 5),
(140, 4, 18, 2, 1, 1, 8, 3, 7),
(141, 4, 19, 2, 1, 1, 7, 4, 7),
(142, 4, 20, 4, 0, 0, 15, 6, 12),
(143, 5, 1, 2, 2, 1, 9, 8, 8),
(144, 5, 2, 1, 1, 3, 3, 11, 4),
(145, 5, 3, 1, 3, 1, 7, 7, 6),
(146, 5, 4, 0, 3, 2, 1, 4, 3),
(147, 5, 5, 0, 4, 1, 5, 6, 4),
(148, 5, 6, 1, 2, 2, 3, 7, 5),
(149, 5, 7, 3, 1, 1, 5, 4, 10),
(150, 5, 8, 1, 2, 2, 11, 13, 5),
(151, 5, 9, 1, 2, 2, 8, 10, 5),
(152, 5, 10, 0, 3, 2, 5, 11, 3),
(153, 5, 11, 1, 2, 2, 4, 6, 5),
(154, 5, 12, 3, 0, 2, 8, 6, 9),
(155, 5, 13, 2, 1, 2, 9, 8, 7),
(156, 5, 14, 2, 0, 3, 7, 8, 6),
(157, 5, 15, 2, 3, 0, 10, 6, 9),
(158, 5, 16, 2, 1, 2, 7, 6, 7),
(159, 5, 17, 1, 2, 2, 9, 8, 5),
(160, 5, 18, 3, 1, 1, 9, 3, 10),
(161, 5, 19, 2, 2, 1, 8, 5, 8),
(162, 5, 20, 4, 1, 0, 16, 7, 13),
(163, 6, 1, 2, 2, 2, 9, 10, 8),
(164, 6, 2, 1, 1, 4, 4, 13, 4),
(165, 6, 3, 1, 3, 2, 9, 11, 6),
(166, 6, 4, 0, 3, 3, 1, 8, 3),
(167, 6, 5, 0, 5, 1, 5, 6, 5),
(168, 6, 6, 2, 2, 2, 7, 7, 8),
(169, 6, 7, 3, 1, 2, 5, 7, 10),
(170, 6, 8, 1, 3, 2, 12, 14, 6),
(171, 6, 9, 2, 2, 2, 10, 10, 8),
(172, 6, 10, 0, 3, 3, 5, 12, 3),
(173, 6, 11, 2, 2, 2, 5, 6, 8),
(174, 6, 12, 3, 1, 2, 8, 6, 10),
(175, 6, 13, 2, 1, 3, 10, 10, 7),
(176, 6, 14, 2, 1, 3, 8, 9, 7),
(177, 6, 15, 2, 4, 0, 11, 7, 10),
(178, 6, 16, 2, 2, 2, 8, 7, 8),
(179, 6, 17, 2, 2, 2, 11, 9, 8),
(180, 6, 18, 4, 1, 1, 11, 4, 13),
(181, 6, 19, 3, 2, 1, 12, 7, 11),
(182, 6, 20, 5, 1, 0, 19, 7, 16),
(183, 7, 1, 2, 3, 2, 11, 12, 9),
(184, 7, 2, 1, 1, 5, 4, 15, 4),
(185, 7, 3, 2, 3, 2, 11, 11, 9),
(186, 7, 4, 0, 4, 3, 3, 10, 4),
(187, 7, 5, 1, 5, 1, 8, 7, 8),
(188, 7, 6, 2, 2, 3, 8, 9, 8),
(189, 7, 7, 3, 1, 3, 5, 9, 10),
(190, 7, 8, 1, 3, 3, 13, 16, 6),
(191, 7, 9, 2, 2, 3, 10, 12, 8),
(192, 7, 10, 0, 4, 3, 7, 14, 4),
(193, 7, 11, 2, 2, 3, 6, 9, 8),
(194, 7, 12, 3, 2, 2, 10, 8, 11),
(195, 7, 13, 3, 1, 3, 12, 10, 10),
(196, 7, 14, 3, 1, 3, 10, 10, 10),
(197, 7, 15, 2, 4, 1, 11, 9, 10),
(198, 7, 16, 3, 2, 2, 9, 7, 11),
(199, 7, 17, 3, 2, 2, 13, 10, 11),
(200, 7, 18, 4, 1, 2, 11, 5, 13),
(201, 7, 19, 4, 2, 1, 14, 7, 14),
(202, 7, 20, 6, 1, 0, 21, 7, 19),
(203, 8, 1, 2, 3, 3, 11, 13, 9),
(204, 8, 2, 1, 1, 6, 6, 18, 4),
(205, 8, 3, 2, 4, 2, 13, 13, 10),
(206, 8, 4, 0, 4, 4, 4, 13, 4),
(207, 8, 5, 1, 5, 2, 8, 15, 8),
(208, 8, 6, 2, 3, 3, 10, 11, 9),
(209, 8, 7, 3, 1, 4, 5, 12, 10),
(210, 8, 8, 2, 3, 3, 16, 16, 9),
(211, 8, 9, 2, 2, 4, 11, 14, 8),
(212, 8, 10, 1, 4, 3, 8, 14, 7),
(213, 8, 11, 3, 2, 3, 8, 10, 11),
(214, 8, 12, 3, 2, 3, 11, 10, 11),
(215, 8, 13, 4, 1, 3, 15, 11, 13),
(216, 8, 14, 4, 1, 3, 13, 12, 13),
(217, 8, 15, 2, 5, 1, 13, 11, 11),
(218, 8, 16, 3, 2, 3, 10, 11, 11),
(219, 8, 17, 3, 3, 2, 15, 12, 12),
(220, 8, 18, 5, 1, 2, 19, 5, 16),
(221, 8, 19, 5, 2, 1, 18, 8, 17),
(222, 8, 20, 7, 1, 0, 23, 8, 22),
(223, 9, 1, 2, 3, 4, 11, 15, 9),
(224, 9, 2, 2, 1, 6, 8, 18, 7),
(225, 9, 3, 2, 5, 2, 13, 13, 11),
(226, 9, 4, 0, 4, 5, 5, 16, 4),
(227, 9, 5, 1, 5, 3, 8, 17, 8),
(228, 9, 6, 2, 4, 3, 12, 13, 10),
(229, 9, 7, 3, 1, 5, 5, 14, 10),
(230, 9, 8, 3, 3, 3, 19, 17, 12),
(231, 9, 9, 2, 3, 4, 13, 16, 9),
(232, 9, 10, 2, 4, 3, 10, 15, 10),
(233, 9, 11, 3, 2, 4, 8, 11, 11),
(234, 9, 12, 4, 2, 3, 13, 10, 14),
(235, 9, 13, 5, 1, 3, 17, 12, 16),
(236, 9, 14, 4, 2, 3, 13, 12, 14),
(237, 9, 15, 3, 5, 1, 15, 11, 14),
(238, 9, 16, 3, 2, 4, 11, 13, 11),
(239, 9, 17, 3, 4, 2, 16, 13, 13),
(240, 9, 18, 6, 1, 2, 20, 5, 19),
(241, 9, 19, 5, 2, 2, 19, 10, 17),
(242, 9, 20, 7, 2, 0, 24, 9, 23),
(243, 10, 1, 2, 3, 5, 11, 16, 9),
(244, 10, 2, 2, 1, 7, 9, 20, 7),
(245, 10, 3, 2, 5, 3, 13, 14, 11),
(246, 10, 4, 0, 4, 6, 5, 19, 4),
(247, 10, 5, 2, 5, 3, 11, 18, 11),
(248, 10, 6, 3, 4, 3, 13, 13, 13),
(249, 10, 7, 3, 1, 6, 6, 16, 10),
(250, 10, 8, 3, 4, 3, 19, 17, 13),
(251, 10, 9, 2, 3, 5, 14, 19, 9),
(252, 10, 10, 3, 4, 3, 11, 15, 13),
(253, 10, 11, 3, 3, 4, 10, 13, 12),
(254, 10, 12, 4, 3, 3, 13, 10, 15),
(255, 10, 13, 5, 2, 3, 19, 14, 17),
(256, 10, 14, 4, 2, 4, 13, 13, 14),
(257, 10, 15, 4, 5, 1, 18, 11, 17),
(258, 10, 16, 4, 2, 4, 13, 14, 14),
(259, 10, 17, 3, 4, 3, 16, 14, 13),
(260, 10, 18, 7, 1, 2, 21, 5, 22),
(261, 10, 19, 6, 2, 2, 20, 10, 20),
(262, 10, 20, 8, 2, 0, 26, 10, 26),
(263, 11, 1, 2, 3, 6, 11, 18, 9),
(264, 11, 2, 2, 2, 7, 11, 22, 8),
(265, 11, 3, 2, 5, 4, 13, 15, 11),
(266, 11, 4, 1, 4, 6, 6, 19, 7),
(267, 11, 5, 2, 6, 3, 12, 19, 12),
(268, 11, 6, 3, 4, 4, 13, 15, 13),
(269, 11, 7, 3, 2, 6, 6, 16, 11),
(270, 11, 8, 3, 5, 3, 20, 18, 14),
(271, 11, 9, 2, 3, 6, 14, 20, 9),
(272, 11, 10, 4, 4, 3, 13, 15, 16),
(273, 11, 11, 4, 3, 4, 12, 14, 15),
(274, 11, 12, 5, 3, 3, 15, 11, 18),
(275, 11, 13, 5, 3, 3, 19, 14, 18),
(276, 11, 14, 4, 2, 5, 14, 15, 14),
(277, 11, 15, 4, 5, 2, 19, 13, 17),
(278, 11, 16, 4, 2, 5, 14, 16, 14),
(279, 11, 17, 4, 4, 3, 17, 14, 16),
(280, 11, 18, 8, 1, 2, 23, 5, 25),
(281, 11, 19, 6, 3, 2, 22, 12, 21),
(282, 11, 20, 9, 2, 0, 28, 11, 29),
(283, 12, 1, 2, 4, 6, 11, 18, 10),
(284, 12, 2, 2, 2, 8, 11, 23, 8),
(285, 12, 3, 2, 5, 5, 14, 17, 11),
(286, 12, 4, 2, 4, 6, 8, 20, 10),
(287, 12, 5, 2, 7, 3, 12, 19, 13),
(288, 12, 6, 3, 4, 5, 13, 17, 13),
(289, 12, 7, 3, 3, 6, 7, 17, 12),
(290, 12, 8, 4, 5, 3, 22, 19, 17),
(291, 12, 9, 3, 3, 6, 17, 21, 12),
(292, 12, 10, 5, 4, 3, 14, 15, 19),
(293, 12, 11, 4, 3, 5, 13, 16, 15),
(294, 12, 12, 5, 3, 4, 16, 13, 18),
(295, 12, 13, 5, 3, 4, 20, 16, 18),
(296, 12, 14, 4, 2, 6, 15, 18, 14),
(297, 12, 15, 4, 5, 3, 20, 15, 17),
(298, 12, 16, 5, 2, 5, 16, 17, 17),
(299, 12, 17, 5, 4, 3, 19, 15, 19),
(300, 12, 18, 8, 2, 2, 24, 6, 26),
(301, 12, 19, 7, 3, 2, 24, 13, 24),
(302, 12, 20, 10, 2, 0, 30, 11, 32),
(303, 13, 1, 2, 4, 7, 13, 21, 10),
(304, 13, 2, 3, 2, 8, 14, 25, 11),
(305, 13, 3, 2, 5, 6, 14, 20, 11),
(306, 13, 4, 2, 5, 6, 9, 21, 11),
(307, 13, 5, 2, 8, 3, 12, 19, 14),
(308, 13, 6, 3, 4, 6, 13, 18, 13),
(309, 13, 7, 3, 4, 6, 8, 18, 13),
(310, 13, 8, 4, 5, 4, 23, 21, 17),
(311, 13, 9, 3, 4, 6, 18, 22, 13),
(312, 13, 10, 5, 4, 4, 14, 16, 19),
(313, 13, 11, 4, 3, 6, 13, 17, 15),
(314, 13, 12, 5, 4, 4, 17, 14, 19),
(315, 13, 13, 6, 3, 4, 21, 16, 21),
(316, 13, 14, 5, 2, 6, 16, 18, 17),
(317, 13, 15, 5, 5, 3, 21, 15, 20),
(318, 13, 16, 6, 2, 5, 18, 18, 20),
(319, 13, 17, 6, 4, 3, 22, 15, 22),
(320, 13, 18, 8, 2, 3, 24, 9, 26),
(321, 13, 19, 8, 3, 2, 27, 13, 27),
(322, 13, 20, 10, 3, 0, 30, 11, 33),
(323, 14, 1, 2, 4, 8, 14, 24, 10),
(324, 14, 2, 3, 2, 9, 14, 27, 11),
(325, 14, 3, 2, 6, 6, 15, 21, 12),
(326, 14, 4, 2, 6, 6, 10, 22, 12),
(327, 14, 5, 2, 8, 4, 13, 23, 14),
(328, 14, 6, 3, 4, 7, 14, 20, 13),
(329, 14, 7, 4, 4, 6, 9, 18, 16),
(330, 14, 8, 4, 6, 4, 24, 22, 18),
(331, 14, 9, 3, 4, 7, 18, 23, 13),
(332, 14, 10, 5, 5, 4, 15, 17, 20),
(333, 14, 11, 4, 3, 7, 14, 19, 15),
(334, 14, 12, 6, 4, 4, 19, 14, 22),
(335, 14, 13, 7, 3, 4, 23, 17, 24),
(336, 14, 14, 6, 2, 6, 19, 19, 20),
(337, 14, 15, 6, 5, 3, 22, 15, 23),
(338, 14, 16, 6, 2, 6, 18, 21, 20),
(339, 14, 17, 7, 4, 3, 24, 16, 25),
(340, 14, 18, 8, 2, 4, 24, 10, 26),
(341, 14, 19, 9, 3, 2, 31, 14, 30),
(342, 14, 20, 11, 3, 0, 33, 11, 36),
(343, 15, 1, 2, 4, 9, 15, 26, 10),
(344, 15, 2, 4, 2, 9, 16, 27, 14),
(345, 15, 3, 2, 7, 6, 15, 21, 13),
(346, 15, 4, 2, 6, 7, 10, 24, 12),
(347, 15, 5, 2, 9, 4, 13, 23, 15),
(348, 15, 6, 3, 5, 7, 14, 20, 14),
(349, 15, 7, 5, 4, 6, 11, 19, 19),
(350, 15, 8, 4, 6, 5, 24, 23, 18),
(351, 15, 9, 3, 5, 7, 18, 23, 14),
(352, 15, 10, 6, 5, 4, 17, 18, 23),
(353, 15, 11, 5, 3, 7, 17, 21, 18),
(354, 15, 12, 6, 4, 5, 20, 17, 22),
(355, 15, 13, 8, 3, 4, 26, 18, 27),
(356, 15, 14, 6, 3, 6, 19, 19, 21),
(357, 15, 15, 6, 5, 4, 24, 18, 23),
(358, 15, 16, 6, 3, 6, 18, 21, 21),
(359, 15, 17, 8, 4, 3, 26, 17, 28),
(360, 15, 18, 8, 2, 5, 25, 12, 26),
(361, 15, 19, 10, 3, 2, 32, 14, 33),
(362, 15, 20, 11, 3, 1, 34, 13, 36),
(363, 16, 1, 2, 4, 10, 15, 27, 10),
(364, 16, 2, 4, 2, 10, 17, 30, 14),
(365, 16, 3, 2, 7, 7, 15, 23, 13),
(366, 16, 4, 3, 6, 7, 11, 24, 15),
(367, 16, 5, 2, 10, 4, 14, 24, 16),
(368, 16, 6, 4, 5, 7, 15, 20, 17),
(369, 16, 7, 5, 4, 7, 11, 20, 19),
(370, 16, 8, 5, 6, 5, 27, 24, 21),
(371, 16, 9, 3, 6, 7, 19, 24, 15),
(372, 16, 10, 6, 5, 5, 18, 22, 23),
(373, 16, 11, 5, 4, 7, 18, 22, 19),
(374, 16, 12, 6, 4, 6, 21, 19, 22),
(375, 16, 13, 8, 4, 4, 27, 19, 28),
(376, 16, 14, 6, 3, 7, 19, 22, 21),
(377, 16, 15, 7, 5, 4, 28, 19, 26),
(378, 16, 16, 7, 3, 6, 20, 22, 24),
(379, 16, 17, 9, 4, 3, 29, 17, 31),
(380, 16, 18, 8, 2, 6, 25, 13, 26),
(381, 16, 19, 11, 3, 2, 33, 14, 36),
(382, 16, 20, 12, 3, 1, 36, 13, 39),
(383, 17, 1, 2, 4, 11, 15, 29, 10),
(384, 17, 2, 5, 2, 10, 20, 32, 17),
(385, 17, 3, 2, 7, 8, 15, 24, 13),
(386, 17, 4, 3, 6, 8, 12, 26, 15),
(387, 17, 5, 3, 10, 4, 15, 24, 19),
(388, 17, 6, 4, 5, 8, 17, 23, 17),
(389, 17, 7, 5, 5, 7, 12, 21, 20),
(390, 17, 8, 5, 6, 6, 27, 27, 21),
(391, 17, 9, 3, 6, 8, 19, 27, 15),
(392, 17, 10, 6, 5, 6, 18, 23, 23),
(393, 17, 11, 5, 4, 8, 18, 24, 19),
(394, 17, 12, 7, 4, 6, 22, 19, 25),
(395, 17, 13, 9, 4, 4, 29, 19, 31),
(396, 17, 14, 6, 4, 7, 21, 24, 22),
(397, 17, 15, 7, 6, 4, 30, 21, 27),
(398, 17, 16, 8, 3, 6, 22, 23, 27),
(399, 17, 17, 9, 5, 3, 30, 18, 32),
(400, 17, 18, 9, 2, 6, 28, 13, 29),
(401, 17, 19, 12, 3, 2, 36, 14, 39),
(402, 17, 20, 13, 3, 1, 38, 13, 42),
(403, 18, 1, 2, 4, 12, 16, 31, 10),
(404, 18, 2, 5, 2, 11, 21, 34, 17),
(405, 18, 3, 3, 7, 8, 18, 25, 16),
(406, 18, 4, 3, 6, 9, 12, 27, 15),
(407, 18, 5, 3, 10, 5, 16, 27, 19),
(408, 18, 6, 4, 5, 9, 18, 26, 17),
(409, 18, 7, 5, 5, 8, 12, 22, 20),
(410, 18, 8, 5, 6, 7, 27, 28, 21),
(411, 18, 9, 3, 6, 9, 20, 30, 15),
(412, 18, 10, 6, 5, 7, 19, 26, 23),
(413, 18, 11, 6, 4, 8, 19, 24, 22),
(414, 18, 12, 8, 4, 6, 23, 19, 28),
(415, 18, 13, 9, 4, 5, 29, 21, 31),
(416, 18, 14, 7, 4, 7, 22, 24, 25),
(417, 18, 15, 8, 6, 4, 32, 22, 30),
(418, 18, 16, 9, 3, 6, 24, 24, 30),
(419, 18, 17, 10, 5, 3, 33, 19, 35),
(420, 18, 18, 10, 2, 6, 31, 14, 32),
(421, 18, 19, 13, 3, 2, 39, 15, 42),
(422, 18, 20, 14, 3, 1, 40, 13, 45),
(423, 19, 1, 3, 4, 12, 17, 31, 13),
(424, 19, 2, 5, 3, 11, 21, 34, 18),
(425, 19, 3, 3, 7, 9, 18, 26, 16),
(426, 19, 4, 3, 7, 9, 14, 29, 16),
(427, 19, 5, 3, 11, 5, 16, 27, 20),
(428, 19, 6, 4, 5, 10, 18, 28, 17),
(429, 19, 7, 5, 6, 8, 12, 22, 21),
(430, 19, 8, 5, 6, 8, 29, 31, 21),
(431, 19, 9, 3, 7, 9, 20, 30, 16),
(432, 19, 10, 7, 5, 7, 22, 28, 26),
(433, 19, 11, 7, 4, 8, 21, 24, 25),
(434, 19, 12, 8, 4, 7, 24, 23, 28),
(435, 19, 13, 9, 4, 6, 30, 23, 31),
(436, 19, 14, 8, 4, 7, 26, 25, 28),
(437, 19, 15, 9, 6, 4, 34, 23, 33),
(438, 19, 16, 9, 4, 6, 24, 24, 31),
(439, 19, 17, 10, 6, 3, 33, 19, 36),
(440, 19, 18, 10, 3, 6, 32, 15, 33),
(441, 19, 19, 13, 4, 2, 41, 17, 43),
(442, 19, 20, 14, 4, 1, 41, 14, 46),
(443, 20, 1, 3, 5, 12, 19, 33, 14),
(444, 20, 2, 5, 4, 11, 22, 35, 19),
(445, 20, 3, 4, 7, 9, 20, 26, 19),
(446, 20, 4, 3, 8, 9, 17, 32, 17),
(447, 20, 5, 3, 11, 6, 18, 30, 20),
(448, 20, 6, 4, 6, 10, 19, 29, 18),
(449, 20, 7, 5, 7, 8, 12, 22, 22),
(450, 20, 8, 5, 6, 9, 29, 33, 21),
(451, 20, 9, 3, 8, 9, 20, 30, 17),
(452, 20, 10, 7, 6, 7, 25, 31, 27),
(453, 20, 11, 7, 5, 8, 22, 25, 26),
(454, 20, 12, 8, 5, 7, 25, 24, 29),
(455, 20, 13, 9, 5, 6, 31, 24, 32),
(456, 20, 14, 8, 5, 7, 28, 27, 29),
(457, 20, 15, 9, 6, 5, 34, 25, 33),
(458, 20, 16, 10, 4, 6, 29, 27, 34),
(459, 20, 17, 10, 7, 3, 34, 20, 37),
(460, 20, 18, 11, 3, 6, 34, 15, 36),
(461, 20, 19, 14, 4, 2, 44, 19, 46),
(462, 20, 20, 14, 4, 2, 44, 19, 46),
(463, 21, 1, 4, 5, 12, 20, 33, 17),
(464, 21, 2, 5, 4, 12, 23, 37, 19),
(465, 21, 3, 4, 7, 10, 20, 27, 19),
(466, 21, 4, 4, 8, 9, 19, 33, 20),
(467, 21, 5, 3, 11, 7, 18, 31, 20),
(468, 21, 6, 5, 6, 10, 20, 29, 21),
(469, 21, 7, 5, 7, 9, 12, 23, 22),
(470, 21, 8, 5, 7, 9, 30, 34, 22),
(471, 21, 9, 4, 8, 9, 22, 31, 20),
(472, 21, 10, 7, 6, 8, 25, 33, 27),
(473, 21, 11, 7, 5, 9, 22, 28, 26),
(474, 21, 12, 8, 6, 7, 26, 25, 30),
(475, 21, 13, 9, 6, 6, 32, 25, 33),
(476, 21, 14, 9, 5, 7, 29, 27, 32),
(477, 21, 15, 10, 6, 5, 37, 25, 36),
(478, 21, 16, 10, 4, 7, 30, 29, 34),
(479, 21, 17, 10, 7, 4, 34, 21, 37),
(480, 21, 18, 12, 3, 6, 35, 15, 39),
(481, 21, 19, 14, 5, 2, 45, 20, 47),
(482, 21, 20, 15, 4, 2, 46, 19, 49),
(483, 22, 1, 4, 5, 13, 20, 34, 17),
(484, 22, 2, 5, 4, 13, 23, 39, 19),
(485, 22, 3, 4, 7, 11, 20, 30, 19),
(486, 22, 4, 4, 8, 10, 21, 36, 20),
(487, 22, 5, 3, 11, 8, 19, 33, 20),
(488, 22, 6, 5, 7, 10, 20, 29, 22),
(489, 22, 7, 5, 7, 10, 12, 25, 22),
(490, 22, 8, 5, 8, 9, 30, 34, 23),
(491, 22, 9, 5, 8, 9, 25, 33, 23),
(492, 22, 10, 7, 6, 9, 26, 35, 27),
(493, 22, 11, 8, 5, 9, 23, 28, 29),
(494, 22, 12, 8, 6, 8, 26, 30, 30),
(495, 22, 13, 10, 6, 6, 35, 25, 36),
(496, 22, 14, 10, 5, 7, 31, 27, 35),
(497, 22, 15, 11, 6, 5, 39, 25, 39),
(498, 22, 16, 11, 4, 7, 32, 30, 37),
(499, 22, 17, 11, 7, 4, 36, 21, 40),
(500, 22, 18, 13, 3, 6, 37, 16, 42),
(501, 22, 19, 14, 5, 3, 45, 22, 47),
(502, 22, 20, 16, 4, 2, 51, 19, 52),
(503, 23, 1, 4, 5, 14, 21, 37, 17),
(504, 23, 2, 5, 4, 14, 24, 42, 19),
(505, 23, 3, 4, 7, 12, 20, 33, 19),
(506, 23, 4, 4, 8, 11, 21, 38, 20),
(507, 23, 5, 4, 11, 8, 21, 33, 23),
(508, 23, 6, 5, 7, 11, 20, 32, 22),
(509, 23, 7, 5, 7, 11, 12, 30, 22),
(510, 23, 8, 6, 8, 9, 31, 34, 26),
(511, 23, 9, 5, 8, 10, 25, 34, 23),
(512, 23, 10, 8, 6, 9, 29, 35, 30),
(513, 23, 11, 9, 5, 9, 26, 29, 32),
(514, 23, 12, 9, 6, 8, 27, 30, 33),
(515, 23, 13, 10, 6, 7, 35, 27, 36),
(516, 23, 14, 11, 5, 7, 33, 27, 38),
(517, 23, 15, 12, 6, 5, 44, 25, 42),
(518, 23, 16, 12, 4, 7, 35, 30, 40),
(519, 23, 17, 12, 7, 4, 39, 22, 43),
(520, 23, 18, 13, 3, 7, 37, 17, 42),
(521, 23, 19, 14, 6, 3, 46, 23, 48),
(522, 23, 20, 16, 5, 2, 52, 20, 53);

-- --------------------------------------------------------

--
-- Table structure for table `season`
--

CREATE TABLE IF NOT EXISTS `season` (
  `id` int(10) NOT NULL AUTO_INCREMENT,
  `years` varchar(9) NOT NULL,
  PRIMARY KEY (`id`)
) ENGINE=InnoDB  DEFAULT CHARSET=latin1 AUTO_INCREMENT=2 ;

--
-- Dumping data for table `season`
--

INSERT INTO `season` (`id`, `years`) VALUES
(1, '2014-2015');

-- --------------------------------------------------------

--
-- Table structure for table `team`
--

CREATE TABLE IF NOT EXISTS `team` (
  `id` int(10) NOT NULL,
  `name` varchar(64) NOT NULL,
  `short_name` varchar(16) NOT NULL,
  `simple_name` varchar(64) NOT NULL,
  `established` varchar(64) DEFAULT NULL,
  `manager` varchar(64) DEFAULT NULL,
  `nickname` varchar(64) DEFAULT NULL,
  `stadium` varchar(64) DEFAULT NULL,
  `longitude` varchar(32) DEFAULT NULL,
  `latitude` varchar(32) DEFAULT NULL,
  `video_id` varchar(32) NOT NULL,
  PRIMARY KEY (`id`)
) ENGINE=InnoDB DEFAULT CHARSET=latin1;

--
-- Dumping data for table `team`
--

INSERT INTO `team` (`id`, `name`, `short_name`, `simple_name`, `established`, `manager`, `nickname`, `stadium`, `longitude`, `latitude`, `video_id`) VALUES
(1, 'Leicester City', 'Leicester', 'leicester', '1884', 'Nigel Pearson', 'The Foxes', 'King Power Stadium', '-2', '53', 'sQefY_CKEhs'),
(2, 'Queens Park Rangers', 'QPR', 'qpr', '1882', 'Chris Ramsey', 'The Hoops', 'Loftus Road Stadium', '-2', '53', 'sQefY_CKEhs'),
(3, 'Hull City', 'Hull City', 'hullcity', '1904', 'Steve Bruce', 'The Tigers', 'The KC Stadium', '-2', '53', 'sQefY_CKEhs'),
(4, 'Burnley', 'Burnley', 'burnley', '1874', 'Tim Sherwood', 'The Villans', 'Villa Park', '-2', '53', 'sQefY_CKEhs'),
(5, 'Sunderland', 'Sunderland', 'sunderland', '1879', 'Gus Poyet', 'The Black Cats', 'Stadium of Light', '-2', '53', 'sQefY_CKEhs'),
(6, 'West Bromwich Albion', 'West Brom', 'westbromwich', '1878', 'Tony Pulis', 'The Baggies', 'The Hawthorns', '-2', '53', 'sQefY_CKEhs'),
(7, 'Aston Villa', 'A. Villa', 'astonvilla', '1874', 'Tim Sherwood', 'The Villans', 'Villa Park', '-2', '53', 'sQefY_CKEhs'),
(8, 'Everton', 'Everton', 'everton', '1878', 'Roberto Martinez', 'The Toffees', 'Goodison Park', '-2', '53', 'sQefY_CKEhs'),
(9, 'Crystal Palace', 'Crsytal P.', 'crystalpalace', '1905', 'Alan Pardew', 'The Eagles', 'Selhurst Park', '-2', '53', 'sQefY_CKEhs'),
(10, 'Newcastle United', 'Newcastle', 'newcastle', '1892', 'John Carver', 'The Magpies', 'St James'' Park', '-2', '53', 'sQefY_CKEhs'),
(11, 'Stoke City', 'Stoke', 'strokecity', '1863', 'Mark Hughes', 'The Potters', 'Britannia Stadium', '-2', '53', 'sQefY_CKEhs'),
(12, 'Swansea City', 'Swansea', 'swansea', '1912', 'Garry Monk', 'The Swans', 'Liberty Stadium', '-2', '53', 'sQefY_CKEhs'),
(13, 'West Ham United', 'West Ham', 'westham', '1895', 'Sam Allardyce', 'The Hammers', 'Boleyn Ground', '-2', '53', 'sQefY_CKEhs'),
(14, 'Liverpool', 'Liverpool', 'liverpool', '1892', 'Brendan Rodgers', 'The Reds', 'Anfield', '-2', '53', 'sQefY_CKEhs'),
(15, 'Arsenal', 'Arsenal', 'arsenal', '1886', 'Arsène Wenger', 'Arsène Wenger', 'Emirates Stadium', '-2', '52.352683974645814', 'sQefY_CKEhs'),
(16, 'Tottenham Hotspur', 'Tottenham', 'tottenham', '1882', 'Mauricio Pochettino', 'Spurs / Lilywhites', 'White Hart Lane', '-2', '53', 'sQefY_CKEhs'),
(17, 'Manchester United', 'Man United', 'manutd', '1878', 'Louis van Gaal', 'The Red Devils', 'Old Trafford', '-2', '53', 'sQefY_CKEhs'),
(18, 'Southampton', 'Southamp', 'southampton', '1885', 'Ronald Koeman', 'The Saints', 'St. Mary''s Stadium', '-2', '53', 'sQefY_CKEhs'),
(19, 'Manchester City', 'Man City', 'mancity', '1880', 'Manuel Pellegrini', 'Manuel Pellegrini', 'Etihad Stadium', '-2', '53', 'sQefY_CKEhs'),
(20, 'Chelsea', 'Chelsea', 'chelsea', '1905', 'Jose Mourinho', 'Jose Mourinho', 'Stamfod Bridge', '-0.2614257812499545', '52.580250512956255', 'sQefY_CKEhs');

-- --------------------------------------------------------

--
-- Table structure for table `user`
--

CREATE TABLE IF NOT EXISTS `user` (
  `id` int(8) NOT NULL AUTO_INCREMENT,
  `username` varchar(16) DEFAULT NULL,
  `email` varchar(64) DEFAULT NULL,
  `password` text,
  `first_name` text,
  `last_name` text,
  `image_url` text,
  PRIMARY KEY (`id`)
) ENGINE=InnoDB  DEFAULT CHARSET=latin1 AUTO_INCREMENT=27 ;

--
-- Dumping data for table `user`
--

INSERT INTO `user` (`id`, `username`, `email`, `password`, `first_name`, `last_name`, `image_url`) VALUES
(1, NULL, 'admin@eplweb.com', 'cGFzc3dvcmQ=', 'admin', 'administrator', NULL),
(9, 'luisfigo', NULL, NULL, 'luis', 'figo', 'https://lh6.googleusercontent.com/-FhwPB3GYJWs/AAAAAAAAAAI/AAAAAAAAAB4/4zxcXcCiKZc/photo.jpg?sz=50'),
(22, 'googleAcc', NULL, NULL, 'Wiwit', 'Aditya', 'https://lh3.googleusercontent.com/-XdUIqdMkCWA/AAAAAAAAAAI/AAAAAAAAAAA/4252rscbv5M/photo.jpg?sz=50'),
(23, 'fbAcc', NULL, NULL, 'Wiwit Aditya', 'Saputra', 'https://fbcdn-profile-a.akamaihd.net/hprofile-ak-xaf1/v/t1.0-1/c35.35.443.443/s50x50/207501_188298277882528_8099331_n.jpg?oh=aaf15ea48ae7215ef7a4cfb0139aca52&oe=55A99DDA&__gda__=1440869207_79cb089b821005d3083ab078784fee28'),
(25, 'asfadsfasdf', NULL, NULL, 'Saputra', 'Saja', 'https://lh3.googleusercontent.com/-XdUIqdMkCWA/AAAAAAAAAAI/AAAAAAAAAAA/4252rscbv5M/photo.jpg?sz=50'),
(26, 'sfdsfdsfsdf', NULL, NULL, 'Grombyang', 'Pedes', 'https://fbcdn-profile-a.akamaihd.net/hprofile-ak-xta1/v/t1.0-1/c8.0.50.50/p50x50/10168167_599239453537734_7282074071632958766_n.jpg?oh=2e1f775339772b04159f31792b55fdb5&oe=55A3E9D2&__gda__=1440458849_ef27eeb36bbd94f80733b9d99b4c903f');

-- --------------------------------------------------------

--
-- Table structure for table `user_from_network`
--

CREATE TABLE IF NOT EXISTS `user_from_network` (
  `id` int(8) NOT NULL AUTO_INCREMENT,
  `user_id` int(8) NOT NULL,
  `email` varchar(64) NOT NULL,
  `type` enum('GOOGLE','FACEBOOK','TWITTER','') NOT NULL,
  `user_network_id` text NOT NULL,
  PRIMARY KEY (`id`),
  UNIQUE KEY `id` (`id`),
  UNIQUE KEY `email` (`email`,`type`),
  KEY `user_id` (`user_id`)
) ENGINE=InnoDB  DEFAULT CHARSET=latin1 AUTO_INCREMENT=42 ;

--
-- Dumping data for table `user_from_network`
--

INSERT INTO `user_from_network` (`id`, `user_id`, `email`, `type`, `user_network_id`) VALUES
(23, 9, 'luisfigo786@gmail.com', 'GOOGLE', '108793343037590052183'),
(24, 9, 'luisfigo786@gmail.com', 'FACEBOOK', '1395337874118473'),
(37, 22, 'wiwit.aditya.saputra@gmail.com', 'GOOGLE', '116374108606996895996'),
(38, 23, 'wiwit.aditya.saputra.fb@gmail.com', 'FACEBOOK', '877870708925278'),
(40, 25, 's4putr4mail@gmail.com', 'GOOGLE', '101691805081207767115'),
(41, 26, 'kakarot23434@gmail.com', 'FACEBOOK', '689508781177467');

-- --------------------------------------------------------

--
-- Table structure for table `user_session`
--

CREATE TABLE IF NOT EXISTS `user_session` (
  `id` int(11) NOT NULL AUTO_INCREMENT,
  `user_id` int(11) DEFAULT NULL,
  `user_os_id` int(16) DEFAULT NULL,
  `role` int(2) DEFAULT NULL,
  `session` text NOT NULL,
  `login_time` timestamp NOT NULL DEFAULT CURRENT_TIMESTAMP ON UPDATE CURRENT_TIMESTAMP,
  PRIMARY KEY (`id`),
  KEY `user_id` (`user_id`),
  KEY `user_os_id` (`user_os_id`)
) ENGINE=InnoDB  DEFAULT CHARSET=latin1 AUTO_INCREMENT=125 ;

--
-- Dumping data for table `user_session`
--

INSERT INTO `user_session` (`id`, `user_id`, `user_os_id`, `role`, `session`, `login_time`) VALUES
(111, NULL, 41, 2, '323ac4e32f994f8faa5252f9624f4484', '2015-04-22 10:33:48'),
(124, 1, NULL, 1, '18637f86d632486bb64feaa4c7484fa1', '2015-05-28 14:24:14');

-- --------------------------------------------------------

--
-- Table structure for table `week`
--

CREATE TABLE IF NOT EXISTS `week` (
  `id` int(3) NOT NULL AUTO_INCREMENT,
  `season_id` int(2) NOT NULL,
  `week_number` int(4) NOT NULL,
  `start_day` datetime NOT NULL,
  PRIMARY KEY (`id`),
  KEY `season_id` (`season_id`)
) ENGINE=InnoDB  DEFAULT CHARSET=latin1 AUTO_INCREMENT=39 ;

--
-- Dumping data for table `week`
--

INSERT INTO `week` (`id`, `season_id`, `week_number`, `start_day`) VALUES
(1, 1, 1, '2014-08-16 00:00:00'),
(2, 1, 2, '2014-08-23 00:00:00'),
(3, 1, 3, '2014-08-30 00:00:00'),
(4, 1, 4, '2014-09-13 00:00:00'),
(5, 1, 5, '2014-09-20 00:00:00'),
(6, 1, 6, '2014-09-27 00:00:00'),
(7, 1, 7, '2014-10-04 00:00:00'),
(8, 1, 8, '2014-10-18 00:00:00'),
(9, 1, 9, '2014-10-25 00:00:00'),
(10, 1, 10, '2014-11-01 00:00:00'),
(11, 1, 11, '2014-11-08 00:00:00'),
(12, 1, 12, '2014-11-22 00:00:00'),
(13, 1, 13, '2014-11-29 00:00:00'),
(14, 1, 14, '2014-12-03 00:00:00'),
(15, 1, 15, '2014-12-06 00:00:00'),
(16, 1, 16, '2014-12-13 00:00:00'),
(17, 1, 17, '2014-12-20 00:00:00'),
(18, 1, 18, '2014-12-26 00:00:00'),
(19, 1, 19, '2014-12-28 00:00:00'),
(20, 1, 20, '2015-01-01 00:00:00'),
(21, 1, 21, '2015-01-10 00:00:00'),
(22, 1, 22, '2015-01-17 00:00:00'),
(23, 1, 23, '2015-01-31 00:00:00'),
(24, 1, 24, '2015-02-07 00:00:00'),
(25, 1, 25, '2015-02-11 00:00:00'),
(26, 1, 26, '2015-02-21 00:00:00'),
(27, 1, 27, '2015-02-28 00:00:00'),
(28, 1, 28, '2015-03-04 00:00:00'),
(29, 1, 29, '2015-03-14 00:00:00'),
(30, 1, 30, '2015-03-21 00:00:00'),
(31, 1, 31, '2015-04-04 00:00:00'),
(32, 1, 32, '2015-04-11 00:00:00'),
(33, 1, 33, '2015-04-18 00:00:00'),
(34, 1, 34, '2015-04-25 00:00:00'),
(35, 1, 35, '2015-05-02 00:00:00'),
(36, 1, 36, '2015-05-09 00:00:00'),
(37, 1, 37, '2015-05-16 00:00:00'),
(38, 1, 38, '2015-05-24 00:00:00');

--
-- Constraints for dumped tables
--

--
-- Constraints for table `best_week_squad`
--
ALTER TABLE `best_week_squad`
  ADD CONSTRAINT `best_week_squad_ibfk_1` FOREIGN KEY (`week_id`) REFERENCES `week` (`id`) ON DELETE CASCADE ON UPDATE CASCADE;

--
-- Constraints for table `image`
--
ALTER TABLE `image`
  ADD CONSTRAINT `image_ibfk_1` FOREIGN KEY (`team_id`) REFERENCES `team` (`id`) ON DELETE CASCADE ON UPDATE CASCADE;

--
-- Constraints for table `matchday`
--
ALTER TABLE `matchday`
  ADD CONSTRAINT `matchday_ibfk_1` FOREIGN KEY (`week_id`) REFERENCES `week` (`id`) ON DELETE CASCADE ON UPDATE CASCADE,
  ADD CONSTRAINT `matchday_ibfk_2` FOREIGN KEY (`home_team_id`) REFERENCES `team` (`id`) ON DELETE CASCADE ON UPDATE CASCADE,
  ADD CONSTRAINT `matchday_ibfk_3` FOREIGN KEY (`away_team_id`) REFERENCES `team` (`id`) ON DELETE CASCADE ON UPDATE CASCADE;

--
-- Constraints for table `matchday_comment`
--
ALTER TABLE `matchday_comment`
  ADD CONSTRAINT `matchday_comment_ibfk_1` FOREIGN KEY (`user_id`) REFERENCES `user` (`id`) ON DELETE CASCADE ON UPDATE CASCADE,
  ADD CONSTRAINT `matchday_comment_ibfk_2` FOREIGN KEY (`matchday_id`) REFERENCES `matchday` (`id`) ON DELETE CASCADE ON UPDATE CASCADE,
  ADD CONSTRAINT `matchday_comment_ibfk_3` FOREIGN KEY (`parent_id`) REFERENCES `matchday_comment` (`id`) ON DELETE CASCADE ON UPDATE CASCADE;

--
-- Constraints for table `matchday_comment_point`
--
ALTER TABLE `matchday_comment_point`
  ADD CONSTRAINT `matchday_comment_point_ibfk_1` FOREIGN KEY (`comment_id`) REFERENCES `matchday_comment` (`id`) ON DELETE CASCADE ON UPDATE CASCADE,
  ADD CONSTRAINT `matchday_comment_point_ibfk_2` FOREIGN KEY (`user_id`) REFERENCES `user` (`id`) ON DELETE CASCADE ON UPDATE CASCADE;

--
-- Constraints for table `matchday_rating`
--
ALTER TABLE `matchday_rating`
  ADD CONSTRAINT `matchday_rating_ibfk_2` FOREIGN KEY (`matchday_id`) REFERENCES `matchday` (`id`) ON DELETE CASCADE ON UPDATE CASCADE,
  ADD CONSTRAINT `matchday_rating_ibfk_3` FOREIGN KEY (`user_id`) REFERENCES `user` (`id`) ON DELETE CASCADE ON UPDATE CASCADE;

--
-- Constraints for table `matchday_voting`
--
ALTER TABLE `matchday_voting`
  ADD CONSTRAINT `matchday_voting_ibfk_1` FOREIGN KEY (`matchday_id`) REFERENCES `matchday` (`id`) ON DELETE CASCADE ON UPDATE CASCADE,
  ADD CONSTRAINT `matchday_voting_ibfk_2` FOREIGN KEY (`user_id`) REFERENCES `user` (`id`) ON DELETE CASCADE ON UPDATE CASCADE;

--
-- Constraints for table `player`
--
ALTER TABLE `player`
  ADD CONSTRAINT `player_ibfk_1` FOREIGN KEY (`team_id`) REFERENCES `team` (`id`) ON DELETE CASCADE ON UPDATE CASCADE;

--
-- Constraints for table `rank`
--
ALTER TABLE `rank`
  ADD CONSTRAINT `rank_ibfk_1` FOREIGN KEY (`week_id`) REFERENCES `week` (`id`) ON DELETE CASCADE ON UPDATE CASCADE,
  ADD CONSTRAINT `rank_ibfk_2` FOREIGN KEY (`team_id`) REFERENCES `team` (`id`) ON DELETE CASCADE ON UPDATE CASCADE;

--
-- Constraints for table `user_from_network`
--
ALTER TABLE `user_from_network`
  ADD CONSTRAINT `user_from_network_ibfk_1` FOREIGN KEY (`user_id`) REFERENCES `user` (`id`) ON DELETE CASCADE ON UPDATE CASCADE;

--
-- Constraints for table `user_session`
--
ALTER TABLE `user_session`
  ADD CONSTRAINT `user_session_ibfk_1` FOREIGN KEY (`user_id`) REFERENCES `user` (`id`) ON DELETE CASCADE ON UPDATE CASCADE,
  ADD CONSTRAINT `user_session_ibfk_2` FOREIGN KEY (`user_os_id`) REFERENCES `user_from_network` (`id`) ON DELETE CASCADE ON UPDATE CASCADE;

--
-- Constraints for table `week`
--
ALTER TABLE `week`
  ADD CONSTRAINT `week_ibfk_2` FOREIGN KEY (`season_id`) REFERENCES `season` (`id`) ON DELETE CASCADE ON UPDATE CASCADE;

/*!40101 SET CHARACTER_SET_CLIENT=@OLD_CHARACTER_SET_CLIENT */;
/*!40101 SET CHARACTER_SET_RESULTS=@OLD_CHARACTER_SET_RESULTS */;
/*!40101 SET COLLATION_CONNECTION=@OLD_COLLATION_CONNECTION */;
